lst,geographic_area_name,county,state,estimate_households_total,poor(<10K),lower_poor(10K-15K),middle_poor(15K-25K),upper_poor(25K-35K),working(35K-50K),lower_middle(50K-75K),middle(75K-100K),upper_middle(100K-150K),elite(150K-200K),upper_elite(>200K),median_income
 AL,"Baldwin County, Alabama",Baldwin County, Alabama,82325,4.9,3.9,9.4,10.4,16.5,14.1,13.3,16,4.9,6.6,56439
 AL,"Calhoun County, Alabama",Calhoun County, Alabama,44636,9.6,7.3,8.4,13.1,12.8,18.7,12.2,12.9,2.8,2.2,48156
 AL,"Cullman County, Alabama",Cullman County, Alabama,32090,4.4,5.4,11,13.2,14.9,22,15.3,8.6,2.9,2.4,50906
 AL,"DeKalb County, Alabama",DeKalb County, Alabama,24880,7.2,8.4,15.6,7.6,16.9,18.9,10.7,11,3,0.7,44208
 AL,"Elmore County, Alabama",Elmore County, Alabama,30712,2.9,1.9,13.2,10.8,10.3,21,11.4,16.3,6.4,5.8,61854
 AL,"Etowah County, Alabama",Etowah County, Alabama,40053,9.9,6.3,15.9,11.8,13.4,17.5,9.7,10.3,3,2.3,41447
 AL,"Houston County, Alabama",Houston County, Alabama,39761,9.2,6,11.2,11.2,12.4,18.9,10.2,11.6,5.2,4.3,50103
 AL,"Jefferson County, Alabama",Jefferson County, Alabama,264753,9.7,5,8.9,10.4,12.6,17,9.8,14.1,5.9,6.6,53944
 AL,"Lauderdale County, Alabama",Lauderdale County, Alabama,38761,9.3,7,10.8,10.2,15.2,16.6,13.3,12.5,2.3,2.8,46632
 AL,"Lee County, Alabama",Lee County, Alabama,64448,11.2,6.3,11.7,6.3,12.2,17.9,9.8,13,5.7,5.8,53712
 AL,"Limestone County, Alabama",Limestone County, Alabama,32020,3.7,5.9,8.4,12.2,10.1,16.8,11.8,18.9,6.7,5.5,63695
 AL,"Madison County, Alabama",Madison County, Alabama,155878,5.2,4.4,8.9,8.8,11.7,14.5,12.4,17.5,9.2,7.3,67930
 AL,"Marshall County, Alabama",Marshall County, Alabama,35330,8,4.6,12.6,8.1,16.9,21.2,12,9.8,3.6,3.2,49467
 AL,"Mobile County, Alabama",Mobile County, Alabama,155946,9,5.8,11.2,10.2,14.2,20.3,10.5,11.3,4.3,3.2,49639
 AL,"Montgomery County, Alabama",Montgomery County, Alabama,88864,8.1,3.6,9.2,10.1,15.7,20.2,11.1,13.3,4.5,4.3,53117
 AL,"Morgan County, Alabama",Morgan County, Alabama,46470,6.8,5.3,9.4,11,12.8,19.6,12.1,13.9,4.9,4.2,54338
 AL,"St. Clair County, Alabama",St. Clair County, Alabama,32829,3.9,2.9,7.8,8.7,12.6,20.2,13.8,22.3,4,3.9,67487
 AL,"Shelby County, Alabama",Shelby County, Alabama,84048,3.9,2.8,7.4,6.8,10.8,17.9,13.4,19.7,8,9.2,75614
 AL,"Talladega County, Alabama",Talladega County, Alabama,30602,9.7,6.8,13.5,12.2,7.7,16.4,13.5,14.3,3.6,2.4,50147
 AL,"Tuscaloosa County, Alabama",Tuscaloosa County, Alabama,74259,9,5,10.6,11,12.6,17.6,8.4,15.1,5.5,5.3,52243
 AL,"Walker County, Alabama",Walker County, Alabama,25153,7.4,5.3,14.4,10.9,15,16.3,12,13.7,3.3,1.9,46283
AK,"Anchorage Municipality, Alaska",Anchorage Municipality, Alaska,105198,3.8,2.7,4.6,6.6,10.1,17.6,13.1,20.4,10.8,10.2,82716
AK,"Fairbanks North Star Borough, Alaska",Fairbanks North Star Borough, Alaska,35556,2.8,1.9,7.7,5.7,11.5,21.5,11.1,16,9.4,12.4,72065
AK,"Matanuska-Susitna Borough, Alaska",Matanuska-Susitna Borough, Alaska,32736,4.5,2.9,7.7,6.9,9.6,18.7,14.6,18,8.7,8.4,74709
AZ,"Apache County, Arizona",Apache County, Arizona,20925,22.3,6.6,13.6,12.3,12.3,14.5,6.2,9.9,1.4,0.7,30480
AZ,"Cochise County, Arizona",Cochise County, Arizona,51982,7.8,4.5,9.9,11,18.5,15.6,10.7,14.3,4.9,2.8,48484
AZ,"Coconino County, Arizona",Coconino County, Arizona,48993,9.3,5.5,6.7,6.8,13.8,18.2,10.9,15,8.3,5.6,58085
AZ,"Maricopa County, Arizona",Maricopa County, Arizona,1611722,5,2.8,7.2,7.5,12.8,18.6,13.7,16.8,7.3,8.3,68649
AZ,"Mohave County, Arizona",Mohave County, Arizona,91095,4.9,4.9,12.1,11.2,16.6,22.5,12.6,9.8,2.7,2.5,50179
AZ,"Navajo County, Arizona",Navajo County, Arizona,38732,12.8,5.1,10.8,15.9,15.8,15.7,9.9,9.8,2.8,1.5,38897
AZ,"Pima County, Arizona",Pima County, Arizona,410404,6.9,4.3,9.7,10,14.5,17.4,13.1,13.8,5.2,5,56169
AZ,"Pinal County, Arizona",Pinal County, Arizona,153413,4.2,3.1,8.2,8.1,14.6,21.7,14.6,16.1,5.6,3.9,62057
AZ,"Yavapai County, Arizona",Yavapai County, Arizona,102784,5.5,5,10.7,9.4,15.6,21.1,11.5,12,4.2,4.8,53816
AZ,"Yuma County, Arizona",Yuma County, Arizona,74042,10.5,5.6,11.2,10.9,14.5,18.8,14.9,9.5,2.3,1.8,46419
AK,"Benton County, Arkansas",Benton County, Arkansas,100749,4.4,3.4,6.9,7.7,11.2,19.4,15,16,6.2,9.7,69130
AK,"Craighead County, Arkansas",Craighead County, Arkansas,41409,6.2,5,14.9,13.7,13.4,14.8,9.8,14.6,3.4,4.1,45610
AK,"Faulkner County, Arkansas",Faulkner County, Arkansas,47389,8.7,3.2,10.9,9.1,12.2,20.3,15.1,13.1,3.1,4.4,57642
AK,"Garland County, Arkansas",Garland County, Arkansas,41743,8.3,8,11.5,10.1,16.7,19.7,10.3,8.3,4.6,2.6,45265
AK,"Jefferson County, Arkansas",Jefferson County, Arkansas,27593,11.4,12.3,10.8,9.3,17.5,14.9,10.5,8,2,3.2,39326
AK,"Lonoke County, Arkansas",Lonoke County, Arkansas,26052,6.9,3.6,7.6,6.9,13.8,19.1,15.2,16.2,7,3.6,62532
AK,"Pulaski County, Arkansas",Pulaski County, Arkansas,158000,6.9,5.9,9.4,10.8,15,19.2,9.7,13.3,5.1,4.8,52043
AK,"Saline County, Arkansas",Saline County, Arkansas,45455,3.2,6,7.6,7.8,12.4,20.5,12.9,19.6,7,3.1,66327
AK,"Sebastian County, Arkansas",Sebastian County, Arkansas,51384,6.2,5.3,12.1,14,13.7,18.9,11.5,11.7,3.2,3.4,48839
AK,"Washington County, Arkansas",Washington County, Arkansas,89249,7.5,3.7,11.6,10.5,15.9,17,10.7,13,4.2,5.7,50798
AK,"White County, Arkansas",White County, Arkansas,28621,6.6,6.3,16.8,12,12.2,19.3,9.9,11.4,3.2,2.2,43399
CA,"Alameda County, California",Alameda County, California,585632,4.2,3.4,4.9,4.8,6.4,11.6,10.7,19,12.8,22.2,108322
CA,"Butte County, California",Butte County, California,77651,6.2,5.7,9.1,10.5,10.3,16.7,13.6,14,5.2,8.7,62563
CA,"Contra Costa County, California",Contra Costa County, California,399792,3.3,2.8,4,4.8,6.9,12.2,12.5,18.9,12.2,22.4,107135
CA,"El Dorado County, California",El Dorado County, California,74216,4.4,4.6,5.7,6.1,8.8,13.6,12,20,10.4,14.3,87059
CA,"Fresno County, California",Fresno County, California,315974,7.7,5.3,9.7,10.1,11.5,17,12.4,14.4,6.4,5.4,57518
CA,"Humboldt County, California",Humboldt County, California,55692,7.6,11.7,7.1,8.2,14.2,15.3,11.5,12.7,5.5,6.2,51662
CA,"Imperial County, California",Imperial County, California,48182,6.8,10.4,11.5,9,14.6,14.6,12.9,12.4,4.7,3,48472
CA,"Kern County, California",Kern County, California,272888,5.6,6.4,11.7,10.1,13.3,17.3,10.3,13.8,6.4,5.1,53067
CA,"Kings County, California",Kings County, California,44761,4.6,2.5,11.3,11.1,13.5,22.1,12.7,12,6.5,3.6,58453
CA,"Lake County, California",Lake County, California,25968,5.4,8.3,9.4,11.2,21.1,14.8,10.7,10.8,4.8,3.7,47138
CA,"Los Angeles County, California",Los Angeles County, California,3328398,5.4,4.3,7.5,7.3,10.5,16.2,12.4,16.8,8.4,11.3,72797
CA,"Madera County, California",Madera County, California,44387,6,1.7,7.3,14.1,11.5,16.1,14.1,18.4,5.8,4.9,64827
CA,"Marin County, California",Marin County, California,105298,3.4,2.5,4.5,4.7,8.8,10.6,11,16,10,28.6,110843
CA,"Mendocino County, California",Mendocino County, California,34478,3.8,7.8,11.8,9.3,15.1,18.6,10.5,14.3,4.6,4.1,51744
CA,"Merced County, California",Merced County, California,80645,3.4,4.5,9.5,8.8,14.9,20,13.6,14,5.9,5.4,61167
CA,"Monterey County, California",Monterey County, California,128227,3.2,2.2,8.3,7,10.8,16,15.8,18.5,7.5,10.6,77514
CA,"Napa County, California",Napa County, California,48107,3.4,3.2,3.7,4,10.7,14.1,14.1,17.5,11.3,17.9,92769
CA,"Nevada County, California",Nevada County, California,39365,3.5,1.6,9.6,11.1,14.7,13.5,13.6,13.5,6.8,12.2,68818
CA,"Orange County, California",Orange County, California,1044280,4.1,2.6,4.9,5.4,8.3,14.2,12.4,19.7,11.5,17,95934
CA,"Placer County, California",Placer County, California,147236,2.8,2.5,5.5,5.7,7.4,13.6,13.5,20.8,11.7,16.4,97723
CA,"Riverside County, California",Riverside County, California,734948,5,3.7,7.2,6.9,11,17.2,13.5,18.4,8.6,8.4,73260
CA,"Sacramento County, California",Sacramento County, California,556752,4.4,4,7.1,7.8,11.1,17.6,13.7,17.4,8.5,8.4,72017
CA,"San Bernardino County, California",San Bernardino County, California,644758,4.9,3.8,7.3,8.7,12,17.5,14.7,17.4,7.5,6.2,67903
CA,"San Diego County, California",San Diego County, California,1132434,4.1,3.3,6,6.3,9.8,15.3,13.4,18.8,9.7,13.3,83985
CA,"San Francisco County, California",San Francisco County, California,365851,4,5.1,4.8,4.2,5.8,10.2,8.2,15,11.9,30.7,123859
CA,"San Joaquin County, California",San Joaquin County, California,230241,4.5,3.2,8,8.4,11.1,18.9,12.3,16.9,9,7.8,68997
CA,"San Luis Obispo County, California",San Luis Obispo County, California,106512,4.3,3.3,7.2,7.5,11.9,14.4,13.6,19,9.8,9.2,77265
CA,"San Mateo County, California",San Mateo County, California,265003,2.3,1.9,4.1,3.5,6.4,10.2,8.7,16.9,12.7,33.3,138500
CA,"Santa Barbara County, California",Santa Barbara County, California,146466,5.3,2.9,6.4,5.6,12.7,16.8,12.5,17,7.3,13.6,75653
CA,"Santa Clara County, California",Santa Clara County, California,643637,2.5,2.3,3.6,4.3,5.9,10.8,9.4,16.5,13.2,31.6,133076
CA,"Santa Cruz County, California",Santa Cruz County, California,97710,3,3.4,7.2,6.4,9.8,12.1,12.2,18.2,10.4,17.3,89269
CA,"Shasta County, California",Shasta County, California,72714,4.9,5.9,11,7.1,12.4,16.1,14.5,14.6,7.9,5.4,63091
CA,"Solano County, California",Solano County, California,150393,4.4,2.2,4.3,6.3,9.7,16,15.6,20.5,10.9,10.1,86652
CA,"Sonoma County, California",Sonoma County, California,190689,2.9,2.7,4.2,6.5,9.3,16.1,15.6,18.8,10.7,13.3,87828
CA,"Stanislaus County, California",Stanislaus County, California,174698,4.7,3.9,7.8,9.4,13.2,18.8,13.8,16.9,6.1,5.2,63037
CA,"Sutter County, California",Sutter County, California,33039,3.5,5.2,8.2,9.8,12.4,18.6,11.7,14.2,9.5,6.9,62777
CA,"Tehama County, California",Tehama County, California,25310,9.4,4,13.1,9.3,13.3,14.4,12.1,11.4,9.8,3.3,53475
CA,"Tulare County, California",Tulare County, California,144109,5.6,4.2,9.4,10.3,14,18.7,13.6,13.7,7.2,3.4,57692
CA,"Ventura County, California",Ventura County, California,268524,3,2.1,5,5.4,9.3,13.8,15.1,20.4,11.9,14,92236
CA,"Yolo County, California",Yolo County, California,76075,7.2,5,5.7,6.6,8.7,18.9,10.4,16.7,9.4,11.3,71417
CA,"Yuba County, California",Yuba County, California,26827,10.4,4.1,6.5,7.9,12.7,21.1,11.4,14.6,5.9,5.5,58765
CO,"Adams County, Colorado",Adams County, Colorado,171977,3.6,2.7,6.1,6.8,11.8,18.4,16.2,18.4,9.4,6.6,75804
CO,"Arapahoe County, Colorado",Arapahoe County, Colorado,246302,3.8,1.9,4.2,5.7,11.2,19,13.5,19.3,10.2,11.2,82710
CO,"Boulder County, Colorado",Boulder County, Colorado,131854,5.8,2.6,5.8,5,9,14.7,13.7,17,10.5,15.9,88535
CO,"Broomfield County, Colorado",Broomfield County, Colorado,28062,1.8,1,2.1,3.8,7.5,13.8,14.8,19.8,16.6,18.9,111400
CO,"Denver County, Colorado",Denver County, Colorado,318445,5.5,3.6,6.6,6.9,9.8,17.1,12.4,17.9,8.5,11.7,75646
CO,"Douglas County, Colorado",Douglas County, Colorado,127476,1.7,0.8,2.4,4.4,4.7,10.9,13.1,24.4,16.5,21.1,122867
CO,"El Paso County, Colorado",El Paso County, Colorado,265798,4.4,2.8,6.3,7.3,11.5,19.6,14.7,17.4,8.5,7.6,72830
CO,"Jefferson County, Colorado",Jefferson County, Colorado,236496,3.4,1.6,5,5.4,9.4,17.2,12.8,21.1,10.5,13.5,90040
CO,"Larimer County, Colorado",Larimer County, Colorado,146638,5,3.2,7.3,6,10.2,18,14.3,16.8,9.6,9.5,75186
CO,"Mesa County, Colorado",Mesa County, Colorado,63644,5.7,4.2,7.7,8.1,15.2,21.6,12.5,15,5,4.9,60500
CO,"Pueblo County, Colorado",Pueblo County, Colorado,66111,7.8,6.3,9.9,10.5,14.9,17.5,14.1,12.5,3.8,2.6,51276
CO,"Weld County, Colorado",Weld County, Colorado,111298,3.5,2.9,7,6.4,9.8,17.5,14.3,22.4,9.3,6.8,78615
CT,"Fairfield County, Connecticut",Fairfield County, Connecticut,340557,4.2,3.3,6.2,4.8,8.6,13.4,10.3,15.7,10.8,22.8,97053
CT,"Hartford County, Connecticut",Hartford County, Connecticut,353234,6.5,3.7,7,7,9.9,15.7,12.9,17.7,9.4,10.3,75381
CT,"Litchfield County, Connecticut",Litchfield County, Connecticut,73969,2.9,3.4,5.7,7,10.1,17.2,12.8,17.9,11.3,11.6,81195
CT,"Middlesex County, Connecticut",Middlesex County, Connecticut,66884,5.5,2.8,7.8,7.5,9.6,16.2,11.1,17.5,11.1,11,76518
CT,"New Haven County, Connecticut",New Haven County, Connecticut,329006,6.1,4.4,9.3,7.8,10.3,15.2,12.6,16.4,8.4,9.4,69751
CT,"New London County, Connecticut",New London County, Connecticut,109752,3.9,2.3,6.8,7.7,11.8,17.3,14.3,18.3,8,9.7,75633
CT,"Tolland County, Connecticut",Tolland County, Connecticut,56749,5.3,2.2,4.7,6.5,8.4,13.7,12.1,22,10.9,14.1,91028
CT,"Windham County, Connecticut",Windham County, Connecticut,47015,6.8,3.8,8,9.5,13.5,15.1,15.3,15.3,6.8,5.9,62106
DE,"Kent County, Delaware",Kent County, Delaware,68023,6,6.2,7.5,7.8,15.6,19.9,12.6,15.7,6.5,2.1,58001
DE,"New Castle County, Delaware",New Castle County, Delaware,211592,5.7,2.6,6.3,6.3,9.8,18.4,13.9,17.5,9.6,9.8,76328
DE,"Sussex County, Delaware",Sussex County, Delaware,96624,4.4,4,8.3,8.8,13.9,16.9,13.7,16.9,7.4,5.7,65155
DC,"District of Columbia, District of Columbia",District of Columbia, District of Columbia,291570,8,3.3,4.9,4.6,8.5,12.1,11,16.2,10.6,20.7,92266
FL,"Alachua County, Florida",Alachua County, Florida,103024,11.1,4.3,11.3,9.6,14.3,15.3,10.4,13.6,4.1,6.1,49534
FL,"Bay County, Florida",Bay County, Florida,69195,6.6,2.8,7.1,7.8,14.4,22.6,15.7,12.4,6.2,4.2,59450
FL,"Brevard County, Florida",Brevard County, Florida,230043,4.2,3.7,9,10.1,16.3,18.6,12.8,13.7,6.4,5.4,57305
FL,"Broward County, Florida",Broward County, Florida,705472,6.3,4.2,8.3,8.9,13.2,18,12.4,14.4,6.4,8,61502
FL,"Charlotte County, Florida",Charlotte County, Florida,76589,5.2,3.7,13.2,10,14.8,17.5,12.6,13.8,4.8,4.4,54652
FL,"Citrus County, Florida",Citrus County, Florida,64448,8.1,5,11.8,11.8,12.4,20.8,12,10.3,4.2,3.4,50751
FL,"Clay County, Florida",Clay County, Florida,75793,3.2,1.7,6.3,6,11.8,19.1,17,19.6,9.4,5.9,76687
FL,"Collier County, Florida",Collier County, Florida,140578,4.8,3.8,5.8,8.7,10.6,15.5,13,17.3,7.4,13.1,76025
FL,"Columbia County, Florida",Columbia County, Florida,25240,7.1,4.7,15,10.5,15.4,18.4,9.2,12.3,4.8,2.6,47094
FL,"Duval County, Florida",Duval County, Florida,368668,6.8,3.8,8.8,9.5,13.8,19.4,13.1,13.7,5.7,5.5,58415
FL,"Escambia County, Florida",Escambia County, Florida,120618,6.5,4.5,10.7,10.1,15,18.9,11.9,13.9,4.2,4.2,53136
FL,"Flagler County, Florida",Flagler County, Florida,44464,3.7,2.9,11.6,10,14.3,19,11.8,15.2,6.8,4.8,60204
FL,"Hernando County, Florida",Hernando County, Florida,78755,6,5.6,11.2,9.9,16.1,20.2,12.2,13.1,3.7,2.1,51031
FL,"Highlands County, Florida",Highlands County, Florida,43351,7.2,6,11.3,8.2,18.2,22.2,11.2,10.1,3.3,2.4,48698
FL,"Hillsborough County, Florida",Hillsborough County, Florida,541584,7,3.4,7.9,9.3,12.9,19.3,12.2,14.7,5.5,7.7,61154
FL,"Indian River County, Florida",Indian River County, Florida,63917,5.6,3,11,9.7,13.8,17.7,13.3,13.8,5.7,6.3,59782
FL,"Lake County, Florida",Lake County, Florida,139192,4,3.5,8.1,12.8,14,20.2,13.7,14.1,5.9,3.7,57588
FL,"Lee County, Florida",Lee County, Florida,286887,4.6,3.3,8.3,8.8,13.2,20.3,14.4,14.4,5.4,7.3,62240
FL,"Leon County, Florida",Leon County, Florida,116283,9.2,5.3,9.3,10,11.6,19.3,11,13.2,5.2,6,54929
FL,"Manatee County, Florida",Manatee County, Florida,145171,3.9,2.6,9.3,8.9,13.7,17.9,13.4,16.4,5.8,8.1,64499
FL,"Marion County, Florida",Marion County, Florida,145622,6.6,3.8,13.4,9.4,17,21,12.8,9.9,3,3,49576
FL,"Martin County, Florida",Martin County, Florida,65014,4.3,3.5,7.4,9.1,11.7,15.7,14.7,16.1,7.5,10,70842
FL,"Miami-Dade County, Florida",Miami-Dade County, Florida,912805,8,5.3,9.8,10.3,12.2,18,11.5,12.8,5.3,6.8,55171
FL,"Monroe County, Florida",Monroe County, Florida,32839,4.7,3.8,6.6,8.3,10.3,18.9,11.3,18.5,7.5,10.2,68589
FL,"Nassau County, Florida",Nassau County, Florida,35212,4.4,3.2,4.4,10.4,11.1,19.6,15.1,18.1,7.6,6.2,70939
FL,"Okaloosa County, Florida",Okaloosa County, Florida,76097,3.7,2.8,6.6,9.7,14.8,18.6,14.9,16.2,5.5,7.2,64222
FL,"Orange County, Florida",Orange County, Florida,457949,4.9,3.5,7.6,9,13.9,19.7,13.6,14.7,5.8,7.2,63461
FL,"Osceola County, Florida",Osceola County, Florida,111539,5.3,3.8,10.8,9,18.9,21.9,12.3,10.7,4.3,3,51760
FL,"Palm Beach County, Florida",Palm Beach County, Florida,568915,5.2,4.1,8.1,8.4,12.4,16.3,12.2,15.6,6.7,11,66623
FL,"Pasco County, Florida",Pasco County, Florida,212856,5.7,4.3,10.2,9.8,15.4,17.8,12.6,14.2,5.2,4.7,55828
FL,"Pinellas County, Florida",Pinellas County, Florida,395286,6.1,4.1,8.9,9.6,14.5,17.7,13.7,13.4,5.3,6.7,56737
FL,"Polk County, Florida",Polk County, Florida,238629,6.1,4.5,11.4,11.2,14.4,20.5,13.5,11.5,3.6,3.3,51833
FL,"Putnam County, Florida",Putnam County, Florida,30866,8.2,4.6,12.4,14.7,16.7,23.5,7.5,8.5,3.1,0.9,42899
FL,"St. Johns County, Florida",St. Johns County, Florida,94761,2.7,1.5,6,5.9,9.8,15.2,12.8,21.3,8.2,16.4,90356
FL,"St. Lucie County, Florida",St. Lucie County, Florida,116900,4.1,5.5,8.8,11.5,12.6,20.4,13.9,14.6,5.6,2.8,58039
FL,"Santa Rosa County, Florida",Santa Rosa County, Florida,66187,4.8,3.5,9.4,10.1,10.8,17.7,15.9,16,5,6.8,64930
FL,"Sarasota County, Florida",Sarasota County, Florida,187411,3.3,3,8.2,7.8,13.5,19.9,14.6,16.1,5.6,8,66342
FL,"Seminole County, Florida",Seminole County, Florida,181142,4.2,2.4,7.1,7.8,13.1,18.7,14.3,15.1,8,9.3,70190
FL,"Sumter County, Florida",Sumter County, Florida,59458,4.6,3.9,7.9,11,11.9,22.5,14.6,12,6.5,5.1,60287
FL,"Volusia County, Florida",Volusia County, Florida,219451,5.6,5,9.9,12.1,14.2,19.8,13.4,12.1,3.9,4,53766
FL,"Walton County, Florida",Walton County, Florida,26475,5.4,4,7.7,7.1,18.8,15.4,16.6,13.1,5.6,6.4,60457
GA,"Barrow County, Georgia",Barrow County, Georgia,27765,5.9,3.3,5.5,7.9,10.4,23.3,16.5,18.9,6.2,2.2,69890
GA,"Bartow County, Georgia",Bartow County, Georgia,39742,9.2,7.1,5.9,8.6,11.3,22.8,12.7,14.8,4.4,3.3,59911
GA,"Bibb County, Georgia",Bibb County, Georgia,56726,10.9,6.3,10.6,13.4,14.4,14.5,10.9,10.8,4.2,4,42140
GA,"Bulloch County, Georgia",Bulloch County, Georgia,28660,5.9,6.4,11.7,10.7,14.6,25.8,12.3,7.3,2,3.3,50436
GA,"Carroll County, Georgia",Carroll County, Georgia,42798,7,3.1,9.4,7.8,14.5,20.8,16.4,14.2,4.3,2.5,61133
GA,"Catoosa County, Georgia",Catoosa County, Georgia,24130,5.1,5.6,5.5,10.3,13.4,23.9,15.2,14,3.4,3.5,61487
GA,"Chatham County, Georgia",Chatham County, Georgia,107987,6.6,5.2,11,9,11.7,19.3,12.6,14.4,4.2,6.1,57611
GA,"Cherokee County, Georgia",Cherokee County, Georgia,93441,3.3,2.6,6.7,6.5,5.9,18.9,14,21.8,11,9.2,86404
GA,"Clarke County, Georgia",Clarke County, Georgia,52124,11.2,8.2,14.8,11.1,12.9,16,8.6,8.9,3.8,4.6,39799
GA,"Clayton County, Georgia",Clayton County, Georgia,97030,6.6,4.3,11,9,17.2,25.2,10.5,11.5,3.6,1.2,51093
GA,"Cobb County, Georgia",Cobb County, Georgia,286952,3.7,2.3,4.6,7.5,11.6,17.4,14.2,17,10,11.7,79601
GA,"Columbia County, Georgia",Columbia County, Georgia,46890,1.7,0.9,4.8,7.8,6.2,18.1,17,23.6,8.9,10.9,88761
GA,"Coweta County, Georgia",Coweta County, Georgia,53640,4.4,4.6,7.1,5.6,9.6,16.8,14.6,22.1,10.3,4.9,78423
GA,"DeKalb County, Georgia",DeKalb County, Georgia,289829,5.6,3.3,8.5,9.4,13.1,17.1,12.7,13.3,6.5,10.5,63652
GA,"Dougherty County, Georgia",Dougherty County, Georgia,32630,14.9,9,15.8,10.2,14.7,15.2,8.2,8.3,1.9,1.9,35062
GA,"Douglas County, Georgia",Douglas County, Georgia,48899,4.7,3.1,6.9,8.3,17.3,17.9,15.3,15.4,6.4,4.7,62669
GA,"Fayette County, Georgia",Fayette County, Georgia,41253,2.3,1.9,2.3,6.4,8.3,18.4,14.6,19.3,10.2,16.3,92172
GA,"Floyd County, Georgia",Floyd County, Georgia,35443,6.1,4.1,13.9,11.4,14.1,18.1,11.9,12.9,4.4,3.2,50880
GA,"Forsyth County, Georgia",Forsyth County, Georgia,81765,1.8,1.2,4.2,4.1,6.4,14.4,11.2,22.5,15.3,18.9,112108
GA,"Fulton County, Georgia",Fulton County, Georgia,439578,6.3,3.4,6.7,6.3,10.2,14.4,11.3,16.1,9.1,16.2,80013
GA,"Glynn County, Georgia",Glynn County, Georgia,34614,5.8,3.8,13,9.7,8.3,22,10.4,16.7,4.9,5.5,59004
GA,"Gwinnett County, Georgia",Gwinnett County, Georgia,301471,3.7,2.2,5.8,7.9,12.4,19.7,13.7,18.4,8.5,7.6,72109
GA,"Hall County, Georgia",Hall County, Georgia,65625,2.2,3.9,8.1,9.4,12,19.6,11.8,17.9,7.1,7.9,67467
GA,"Henry County, Georgia",Henry County, Georgia,79550,3.2,2.2,4.7,8.2,11.2,21.9,15.1,20.5,7,6,71939
GA,"Houston County, Georgia",Houston County, Georgia,58417,7.1,3.6,6.1,9.1,13.1,18,15.5,16.1,7.3,4.1,66740
GA,"Jackson County, Georgia",Jackson County, Georgia,25180,8.2,3.9,6.8,9.8,10.9,15.3,14.8,17.7,5.9,6.6,65063
GA,"Lowndes County, Georgia",Lowndes County, Georgia,42639,8.1,3.8,13.1,14.9,13.6,20,12.1,8.4,2.9,3.2,45683
GA,"Muscogee County, Georgia",Muscogee County, Georgia,73134,10.2,5.2,10.7,13,13.9,18.6,10.2,9.9,3.1,5.2,46934
GA,"Newton County, Georgia",Newton County, Georgia,37867,5.6,4.8,10.7,9.5,14,22.9,9.7,15.3,4.4,3.2,57254
GA,"Paulding County, Georgia",Paulding County, Georgia,56476,5.4,0.9,5.8,5.1,12.6,19.2,17.9,22.5,7.8,2.7,75800
GA,"Richmond County, Georgia",Richmond County, Georgia,68361,7.8,7.6,10.9,12.1,16.4,20.4,10.6,9.1,2.3,2.9,44973
GA,"Rockdale County, Georgia",Rockdale County, Georgia,32792,7.4,2.4,6.8,8.4,16.6,17.3,14,18.6,2.2,6.3,60560
GA,"Spalding County, Georgia",Spalding County, Georgia,25339,5.5,5.5,11.6,10.8,14.8,21.2,12.5,9.3,4.5,4.2,51677
GA,"Troup County, Georgia",Troup County, Georgia,24436,12.9,5.2,11.3,10.2,12.8,18.3,10.9,11.8,2.7,4,46198
GA,"Walker County, Georgia",Walker County, Georgia,26760,3.6,8.5,13.5,12.5,12.7,22.5,12.6,9.6,2,2.4,47856
GA,"Walton County, Georgia",Walton County, Georgia,33350,4.5,2,9.9,6.6,15.2,16.9,13,16.9,11.8,3.4,66176
GA,"Whitfield County, Georgia",Whitfield County, Georgia,34518,4.3,5.9,9.5,13.2,15.5,18.8,13.1,11.4,3.4,5,52198
HI,"Hawaii County, Hawaii",Hawaii County, Hawaii,71193,6.2,4,10.4,7.7,9.9,16.2,13.1,16.7,8.7,7.1,67075
HI,"Honolulu County, Hawaii",Honolulu County, Hawaii,316456,4.6,2.5,4.9,6.1,8.2,16.7,13.5,20.7,10.7,12.2,87470
HI,"Kauai County, Hawaii",Kauai County, Hawaii,22898,4.8,1,6.7,5,11.6,18.1,11.9,23.1,9.2,8.5,81971
HI,"Maui County, Hawaii",Maui County, Hawaii,54744,6,2.1,5.7,6.6,8.6,18,14.7,18.7,10.4,9.1,80754
ID,"Ada County, Idaho",Ada County, Idaho,184160,3.7,2.5,6.2,8.5,11.7,18.9,15,16.7,8.2,8.6,72021
ID,"Bannock County, Idaho",Bannock County, Idaho,32010,5.7,5.7,11.8,11,13.7,20.2,10.5,14.6,5.1,1.8,51989
ID,"Bonneville County, Idaho",Bonneville County, Idaho,40776,4.9,3.7,10.5,6.1,14.7,17.5,12.5,18.3,6.3,5.3,64618
ID,"Canyon County, Idaho",Canyon County, Idaho,77449,3.3,3.7,7.9,10.4,15,23.3,15.2,14.7,3.2,3.2,58945
ID,"Kootenai County, Idaho",Kootenai County, Idaho,65283,2.8,2.1,10.4,9.8,12.9,24.2,13.9,16.1,3.7,4.1,62579
ID,"Twin Falls County, Idaho",Twin Falls County, Idaho,31850,4.8,4.8,10.1,9.7,13.5,23.8,15.5,10.7,2.9,4.2,56276
IL,"Adams County, Illinois",Adams County, Illinois,26993,6.3,2.4,7.6,8.7,18.1,19.8,16.6,13.5,4.3,2.5,55727
IL,"Champaign County, Illinois",Champaign County, Illinois,81764,10.1,4.1,11.7,8.4,12.1,17.8,10.3,13.3,6.1,6,52405
IL,"Cook County, Illinois",Cook County, Illinois,1985613,7,4,7.9,8.2,10.5,15.7,12.1,16.2,8,10.5,69429
IL,"DeKalb County, Illinois",DeKalb County, Illinois,39330,8.9,1.7,9.8,8.4,9.6,18.3,13.4,16.7,7.7,5.4,64131
IL,"DuPage County, Illinois",DuPage County, Illinois,342195,2.6,1.8,5.1,5.4,9,15.2,12.8,21,11.8,15.4,96403
IL,"Kane County, Illinois",Kane County, Illinois,182223,3.3,2.4,5.8,6.3,10.7,16.4,14.1,21.4,8.4,11.3,84368
IL,"Kankakee County, Illinois",Kankakee County, Illinois,39583,6.1,3.1,8.7,8,16.7,15.3,15.5,18.5,5.5,2.7,60923
IL,"Kendall County, Illinois",Kendall County, Illinois,41364,1,0.3,4.8,4.3,6.2,16.5,12.9,29.9,14.9,9.2,104858
IL,"Lake County, Illinois",Lake County, Illinois,247661,3.7,2.5,5.3,5.3,10,14.3,12.4,18.3,11,17.2,92511
IL,"LaSalle County, Illinois",LaSalle County, Illinois,45411,6.4,3.6,9.7,9.7,13.7,19.7,14.3,14.8,5.2,2.9,59130
IL,"McHenry County, Illinois",McHenry County, Illinois,112669,2.2,1.9,5.1,5,10.4,17.1,15.1,20,12.2,10.9,88879
IL,"McLean County, Illinois",McLean County, Illinois,65118,11.6,2.5,6.9,6,10.2,16.7,13.2,18,7.4,7.5,68784
IL,"Macon County, Illinois",Macon County, Illinois,42741,11.7,4.1,8,10.7,14.7,17.5,13.2,12.8,2.9,4.4,50839
IL,"Madison County, Illinois",Madison County, Illinois,108104,5,3.4,8.8,9.4,11.2,17.2,14.1,17.6,6.5,6.8,67440
IL,"Peoria County, Illinois",Peoria County, Illinois,73666,8,4.4,10.1,8.7,13.2,17.1,12.5,13.4,6,6.5,57247
IL,"Rock Island County, Illinois",Rock Island County, Illinois,60618,6.9,6.4,8.3,8.4,13.5,18.7,13.7,17,4.4,2.8,58313
IL,"St. Clair County, Illinois",St. Clair County, Illinois,106156,7.5,3.1,10.1,9.8,14.2,16,13.7,12.8,7.6,5.1,57169
IL,"Sangamon County, Illinois",Sangamon County, Illinois,83263,5.8,4.2,8.1,9.8,13.1,17.8,13,17,6.3,5,61280
IL,"Tazewell County, Illinois",Tazewell County, Illinois,53127,3.3,3.4,9.1,9.3,12.2,20.8,13.9,17.6,5.9,4.4,65848
IL,"Vermilion County, Illinois",Vermilion County, Illinois,31154,6.9,3.8,14.2,14.2,17.9,17.3,10.8,10.8,1.7,2.5,43111
IL,"Will County, Illinois",Will County, Illinois,230136,2.8,2.2,6,4.8,9.5,14.9,15,22,11.4,11.2,90134
IL,"Williamson County, Illinois",Williamson County, Illinois,27650,4.5,5.1,10.3,9,14.8,17.1,13.5,16.8,3.4,5.4,58097
IL,"Winnebago County, Illinois",Winnebago County, Illinois,114833,6.8,4.7,9.8,9.5,12.2,18.5,12.9,16.1,6,3.5,59455
IN,"Allen County, Indiana",Allen County, Indiana,146280,4.9,3.7,8.3,10.9,16.1,19.9,12.8,14.2,5.1,4.1,56519
IN,"Bartholomew County, Indiana",Bartholomew County, Indiana,30383,3.6,3,10.1,6.7,11.5,17.7,18.6,15.6,5.9,7.3,72555
IN,"Boone County, Indiana",Boone County, Indiana,26803,5.2,5.2,4.9,6.5,10.2,19,13.3,13,7.2,15.4,70813
IN,"Clark County, Indiana",Clark County, Indiana,43704,4.1,2.7,8.8,14.1,13.7,20.4,14.9,13.9,5.3,2.1,59064
IN,"Delaware County, Indiana",Delaware County, Indiana,45640,8.6,6.6,11.9,13.3,13.8,18.2,11.2,11.4,2.6,2.4,45065
IN,"Elkhart County, Indiana",Elkhart County, Indiana,68553,7.3,3.9,10.3,9.9,14.2,19.3,12.1,15,4.1,4,54531
IN,"Floyd County, Indiana",Floyd County, Indiana,28544,5.1,4.7,8,7.9,12.6,21,13.6,14.4,8,4.7,63219
IN,"Grant County, Indiana",Grant County, Indiana,27127,6.4,5.5,12.3,10.5,18.5,18.6,11.1,12,3.1,1.9,47206
IN,"Hamilton County, Indiana",Hamilton County, Indiana,125328,2.8,1.6,3.3,4.3,8.1,15.3,12.2,20.8,13.5,18.3,105062
IN,"Hancock County, Indiana",Hancock County, Indiana,28985,3.9,1.6,7.4,5.8,14.3,19,13.2,19.9,8.3,6.6,69392
IN,"Hendricks County, Indiana",Hendricks County, Indiana,61105,2.1,1.7,4,6.7,9.8,18,16.5,22.9,10.9,7.4,85381
IN,"Howard County, Indiana",Howard County, Indiana,34151,5.6,3,12.2,8.8,15.6,21.7,12.6,13.3,5.1,2,53440
IN,"Johnson County, Indiana",Johnson County, Indiana,57160,2.7,2,6,7.3,12.1,20.7,12.8,21,9.1,6.2,73651
IN,"Kosciusko County, Indiana",Kosciusko County, Indiana,30991,4.6,3.8,8.6,8.9,12.8,19.9,15.5,16.6,6,3.2,64099
IN,"Lake County, Indiana",Lake County, Indiana,190135,7.6,4.2,8.5,10.6,12.5,19.4,10.9,16.2,6,4.3,57081
IN,"LaPorte County, Indiana",LaPorte County, Indiana,43100,4.1,4.8,10.1,13,11.2,20,10.7,17.6,5.1,3.4,56019
IN,"Madison County, Indiana",Madison County, Indiana,51164,6,4.2,11.5,8.5,15.2,22.8,13.2,13.8,2.9,2,55142
IN,"Marion County, Indiana",Marion County, Indiana,379451,8.5,4.5,10.6,10.5,15.4,18.1,11.9,11.8,4.8,4,50458
IN,"Monroe County, Indiana",Monroe County, Indiana,54053,9.6,5.3,11.7,7.7,12,17,12.4,13.6,5.1,5.6,52453
IN,"Morgan County, Indiana",Morgan County, Indiana,25863,5.2,3.1,5.5,9.2,11.7,23.8,11.7,17.5,4.7,7.6,62862
IN,"Porter County, Indiana",Porter County, Indiana,65305,4.3,1.4,7,8.5,11.7,18.1,14.6,20.7,7.1,6.6,72483
IN,"St. Joseph County, Indiana",St. Joseph County, Indiana,105250,8.1,4.8,9.7,9.9,13.6,19.6,11.6,14.3,4.6,3.7,53456
IN,"Tippecanoe County, Indiana",Tippecanoe County, Indiana,73916,9,3.8,13.1,9.6,15.2,17.4,10.6,13.5,3.7,4.1,49352
IN,"Vanderburgh County, Indiana",Vanderburgh County, Indiana,75522,6,4.5,11.5,11.2,14.8,19.9,13,11.3,3.7,4,51350
IN,"Vigo County, Indiana",Vigo County, Indiana,42193,9.7,6.4,13.8,8.6,13.1,18.4,11.9,10.8,3.4,3.8,48013
IN,"Wayne County, Indiana",Wayne County, Indiana,27561,4.9,6.1,13.4,9.8,17.7,21.3,11.4,10.6,2.9,2,47944
IA,"Black Hawk County, Iowa",Black Hawk County, Iowa,51869,6.7,3.4,7.5,8.9,14.5,20.6,13.2,14.1,5.2,5.9,60506
IA,"Dallas County, Iowa",Dallas County, Iowa,36878,1.1,2.2,5,3.7,8.4,17.4,15.6,23.2,10.3,13.1,94885
IA,"Dubuque County, Iowa",Dubuque County, Iowa,38345,6,4.5,7.7,7.9,13.2,19.6,14.6,16.7,4.6,5.3,62178
IA,"Johnson County, Iowa",Johnson County, Iowa,60782,9,3.2,7.3,10,10.6,15,12.3,16.2,6.4,10.1,66011
IA,"Linn County, Iowa",Linn County, Iowa,93843,4.2,4.1,8.8,8.7,12.6,19.9,14.2,16.4,6.4,4.7,63559
IA,"Polk County, Iowa",Polk County, Iowa,197731,4,3.1,6.5,9.2,13.3,19.7,13.4,16.7,7.9,6.1,66918
IA,"Pottawattamie County, Iowa",Pottawattamie County, Iowa,37344,5.2,5,7.9,11.8,12.3,18.8,16.5,14.7,3.9,3.9,60056
IA,"Scott County, Iowa",Scott County, Iowa,68534,5.3,4.1,9.2,7.3,12.6,18.3,12.1,17.3,5.9,7.9,65122
IA,"Story County, Iowa",Story County, Iowa,39168,8.6,5.6,7.3,7.9,13.7,17.3,12.3,15.8,6.4,5.2,63107
IA,"Woodbury County, Iowa",Woodbury County, Iowa,39733,5.3,3.6,9.5,10.6,13.6,16.7,16.1,17.3,4.1,3.1,58945
KS,"Butler County, Kansas",Butler County, Kansas,25004,4.4,4.9,6.7,9.3,14.5,18.8,14.6,17.8,4.1,5.1,61951
KS,"Douglas County, Kansas",Douglas County, Kansas,48508,6,3.2,7.7,8.6,14.6,18.6,14.1,14.5,5.2,7.6,64233
KS,"Johnson County, Kansas",Johnson County, Kansas,231960,1.9,2.3,4.4,5.7,7.7,16.4,16.6,19.6,11.1,14.3,91771
KS,"Leavenworth County, Kansas",Leavenworth County, Kansas,27860,6,4.3,4.8,6,9.6,17.5,15.7,21.7,8.8,5.5,77070
KS,"Riley County, Kansas",Riley County, Kansas,25662,7,5.4,14.5,8.1,13.8,21.8,9.8,11.9,4.2,3.6,50920
KS,"Sedgwick County, Kansas",Sedgwick County, Kansas,199517,5.7,4.5,8.6,9,13.6,19.9,12.2,16.2,5.5,4.7,59716
KS,"Shawnee County, Kansas",Shawnee County, Kansas,73172,5.3,2.6,8.1,10.3,15.7,20.6,13.3,14,5,5.2,59441
KS,"Wyandotte County, Kansas",Wyandotte County, Kansas,61248,8.8,6.1,10.8,12.3,15.5,18,12.7,10.7,3.3,1.8,46964
KY,"Boone County, Kentucky",Boone County, Kentucky,48770,3.2,2.8,6.4,6.5,11,19.7,12.9,22.4,8.7,6.4,76443
KY,"Bullitt County, Kentucky",Bullitt County, Kentucky,30553,3.6,2.2,8.1,8.1,9.9,24.3,17.7,16.4,5.4,4.3,65560
KY,"Campbell County, Kentucky",Campbell County, Kentucky,38110,3.9,6.7,8,8.9,10.3,17.3,14.7,15.8,7.3,7.2,66439
KY,"Christian County, Kentucky",Christian County, Kentucky,26209,12,5.8,10.1,9.6,14.4,20.1,13.6,8.2,3.1,3.1,47445
KY,"Daviess County, Kentucky",Daviess County, Kentucky,40800,8,4.4,12.1,10.8,13.5,17.2,15.3,11.6,3.1,4,50964
KY,"Fayette County, Kentucky",Fayette County, Kentucky,131929,6.6,3.7,10.1,8.9,12.5,18.9,12.3,14.2,6.4,6.4,58356
KY,"Hardin County, Kentucky",Hardin County, Kentucky,42644,5.4,2.1,9.8,8.8,17.6,21.3,11.5,16.8,3.2,3.6,57463
KY,"Jefferson County, Kentucky",Jefferson County, Kentucky,316174,6.4,4.1,9.3,9.7,13.3,19.1,13,13.6,5.8,5.7,59049
KY,"Kenton County, Kentucky",Kenton County, Kentucky,65362,4.6,4.2,7.2,7.3,14,16.1,13,20,7.9,5.6,68849
KY,"McCracken County, Kentucky",McCracken County, Kentucky,28363,6.8,6.4,13.2,14.8,13,18.9,9,11.9,2.6,3.5,45084
KY,"Madison County, Kentucky",Madison County, Kentucky,34270,8.7,5.7,13.8,10.7,11.9,17.3,12.1,11.5,4.7,3.5,49421
KY,"Oldham County, Kentucky",Oldham County, Kentucky,20761,2.6,0.4,7.2,2.4,8.4,15.6,13.8,21.3,11.9,16.4,97968
KY,"Warren County, Kentucky",Warren County, Kentucky,50489,6.5,4.8,9.2,11.2,14.8,20.6,12.3,13.1,3.6,4,52645
LA,"Ascension Parish, Louisiana",Ascension Parish, Louisiana,44267,3.8,3.1,6,7.6,9.6,13.2,14.7,19.8,12.7,9.7,85425
LA,"Bossier Parish, Louisiana",Bossier Parish, Louisiana,49735,6.1,6.2,12.8,9.9,15,16.4,13.3,11.5,4.3,4.5,49962
LA,"Caddo Parish, Louisiana",Caddo Parish, Louisiana,92589,13.4,6.9,13,9.2,11,15.3,10.1,11.8,4.4,4.7,45537
LA,"Calcasieu Parish, Louisiana",Calcasieu Parish, Louisiana,77232,10.3,4.6,12.1,10.2,11.3,15.3,11,14.1,5.8,5.2,51246
LA,"East Baton Rouge Parish, Louisiana",East Baton Rouge Parish, Louisiana,161536,8.7,5.6,9.7,9.6,11.4,16.8,12,12.7,6.4,7.1,56451
LA,"Iberia Parish, Louisiana",Iberia Parish, Louisiana,26185,12.1,2.5,15.1,7.7,11.5,19,11.9,15.2,2.9,2,50991
LA,"Jefferson Parish, Louisiana",Jefferson Parish, Louisiana,171991,6.2,4.8,9.9,11.2,12.7,18.7,12,14.7,5.1,4.8,56069
LA,"Lafayette Parish, Louisiana",Lafayette Parish, Louisiana,94490,8.6,4.3,10.6,8.6,11.2,15.1,12.9,14.9,6.4,7.3,60567
LA,"Lafourche Parish, Louisiana",Lafourche Parish, Louisiana,36759,8.1,3.8,14,8.4,14.5,15.3,15.7,12.6,4.5,3.2,51339
LA,"Livingston Parish, Louisiana",Livingston Parish, Louisiana,47014,9.8,2.9,8.1,7.2,11.4,17.2,12.2,23.2,4.8,3.3,62187
LA,"Orleans Parish, Louisiana",Orleans Parish, Louisiana,151753,16.5,5.8,11,8.9,10.2,15.1,8.6,10.9,5.3,7.7,45615
LA,"Ouachita Parish, Louisiana",Ouachita Parish, Louisiana,57835,13.8,6.7,11.2,11.8,13.7,16.7,9.9,7.9,4.4,3.8,41137
LA,"Rapides Parish, Louisiana",Rapides Parish, Louisiana,48975,6.8,5.2,12.6,9,15.8,21.6,9.5,12.7,4.2,2.6,50490
LA,"St. Landry Parish, Louisiana",St. Landry Parish, Louisiana,30441,12.2,7.6,14.5,9,17.9,12.2,13.4,8.6,3.3,1.5,38681
LA,"St. Tammany Parish, Louisiana",St. Tammany Parish, Louisiana,94988,4.9,4.3,7.7,8,11.9,17.1,14.7,16.5,6.8,8.1,69076
LA,"Tangipahoa Parish, Louisiana",Tangipahoa Parish, Louisiana,46526,7.5,8.4,11.6,15.1,8.1,13.3,15.2,11.3,6,3.4,47825
LA,"Terrebonne Parish, Louisiana",Terrebonne Parish, Louisiana,40173,10.3,2.8,14.6,10.6,13.1,13.7,10.5,13.3,7,4.1,48446
ME,"Androscoggin County, Maine",Androscoggin County, Maine,45924,3.4,4.5,7.5,9.6,17.1,16.5,15.9,15,7.3,3.2,63813
ME,"Aroostook County, Maine",Aroostook County, Maine,30197,8.8,9.2,15.3,13.4,12.6,18.8,11.3,5.7,2.2,2.6,38768
ME,"Cumberland County, Maine",Cumberland County, Maine,124925,4.6,2.5,6.5,8.2,9.9,17.7,13.5,17.5,9,10.7,76059
ME,"Kennebec County, Maine",Kennebec County, Maine,54480,6.3,5.1,9.5,9.1,15.5,17.5,14.7,14.6,3.5,4.2,55389
ME,"Penobscot County, Maine",Penobscot County, Maine,64096,3.7,6,13,10.3,16.5,17,12,13.2,4.6,3.7,50449
ME,"York County, Maine",York County, Maine,86227,3.7,2.7,8.6,8.8,12.7,19.2,15.3,17.8,6.1,5.3,66648
MD,"Allegany County, Maryland",Allegany County, Maryland,26549,8.8,5.8,11.2,11.9,13.2,19.7,14.1,10,3.7,1.7,48867
MD,"Anne Arundel County, Maryland",Anne Arundel County, Maryland,216200,2.1,1.3,4,4.8,6.6,15.9,14.3,21.2,13.4,16.5,101147
MD,"Baltimore County, Maryland",Baltimore County, Maryland,312466,5.3,2.3,6.1,6.4,10.5,18.2,13.6,18.5,8.7,10.3,77358
MD,"Calvert County, Maryland",Calvert County, Maryland,32780,4.6,1.8,2.6,3.7,7.2,9.7,12.6,26,15.5,16.3,112380
MD,"Carroll County, Maryland",Carroll County, Maryland,60617,1.9,1.7,5.1,5.9,7.8,13.3,12.4,26.6,11.8,13.5,103014
MD,"Cecil County, Maryland",Cecil County, Maryland,38547,5.9,3.3,8.6,8.6,7.5,15.1,16.9,17.5,10.1,6.5,76441
MD,"Charles County, Maryland",Charles County, Maryland,57732,3,1.3,2.4,3.8,8,14.2,13.6,26.2,13.7,13.9,103932
MD,"Frederick County, Maryland",Frederick County, Maryland,93768,1.8,2.1,3.4,4.8,8.9,13.8,13,25,13.4,13.8,103516
MD,"Harford County, Maryland",Harford County, Maryland,96203,3.4,2.2,4.5,4.8,8.8,15.2,14.6,22.4,11.3,12.7,92331
MD,"Howard County, Maryland",Howard County, Maryland,115772,3.4,1,4.1,3.5,5.7,10.3,11.7,20.6,13.7,26,121618
MD,"Montgomery County, Maryland",Montgomery County, Maryland,368897,3.4,2.1,4,5.2,6.2,12.2,12.1,18.4,12.5,23.9,110389
MD,"Prince George's County, Maryland",Prince George's County, Maryland,316361,4.2,2,4.6,5.8,9.5,17,15.3,21,10.7,9.9,86290
MD,"St. Mary's County, Maryland",St. Mary's County, Maryland,40320,4.8,2,7,3.6,8.7,15.6,14,18.3,14.2,11.8,87947
MD,"Washington County, Maryland",Washington County, Maryland,56225,5.1,5.3,10.1,9.2,12.7,17.7,11.9,16,6.8,5.3,59140
MD,"Wicomico County, Maryland",Wicomico County, Maryland,38088,5.1,2.9,11.2,12.1,12.2,18.6,12.6,15.9,4.2,5.1,54402
MD,"Baltimore city, Maryland",Baltimore city, Maryland,242694,12.3,5.4,8.6,10.6,13.1,15.1,10.1,13.5,4.7,6.8,50177
MA,"Barnstable County, Massachusetts",Barnstable County, Massachusetts,96509,3.1,2.3,5,6,10.6,17.1,13.9,21.6,9.9,10.7,85042
MA,"Berkshire County, Massachusetts",Berkshire County, Massachusetts,53792,4.4,5.5,10.4,8.8,11.9,19.2,11,14.7,8.2,6,58895
MA,"Bristol County, Massachusetts",Bristol County, Massachusetts,220528,6.3,4.7,9.2,7.7,10.5,14.1,12,17.7,9.4,8.3,70402
MA,"Essex County, Massachusetts",Essex County, Massachusetts,297898,4.3,3.8,7.3,6.2,9,14.1,13.7,16.4,10.1,15.1,83810
MA,"Franklin County, Massachusetts",Franklin County, Massachusetts,30927,3.3,5.2,11.7,8.9,11.6,21.2,10.8,16.1,6.9,4.3,60018
MA,"Hampden County, Massachusetts",Hampden County, Massachusetts,179970,7.1,6.5,9.7,8.8,11.1,16.6,11.2,16.5,6.4,6,60161
MA,"Hampshire County, Massachusetts",Hampshire County, Massachusetts,60002,5.1,2.8,8.5,6.3,11,16.5,13.9,19,8.9,8,74778
MA,"Middlesex County, Massachusetts",Middlesex County, Massachusetts,612366,4,2.7,4.6,4.5,7.2,12.5,11.3,19,13,21.3,107056
MA,"Norfolk County, Massachusetts",Norfolk County, Massachusetts,269717,4.1,2.7,5.4,4.1,7.5,11.4,11.2,20.5,12.9,20.3,107361
MA,"Plymouth County, Massachusetts",Plymouth County, Massachusetts,191041,3.7,3.7,5.4,6.1,7.6,14.9,12.9,19.9,11.1,14.6,90880
MA,"Suffolk County, Massachusetts",Suffolk County, Massachusetts,309945,9.4,5.4,6.5,5.9,8,13.3,10.5,15.2,10.9,14.9,77558
MA,"Worcester County, Massachusetts",Worcester County, Massachusetts,316162,4.8,4.1,6.5,7.4,10,15.1,12.8,18.4,10.4,10.6,78345
MI,"Allegan County, Michigan",Allegan County, Michigan,43667,4.1,3,8.4,9.2,12.5,20,16.2,19.2,3.9,3.5,66278
MI,"Bay County, Michigan",Bay County, Michigan,44887,7.3,3.7,9.1,12.5,18,15.9,13.3,12.1,4.9,3.2,49610
MI,"Berrien County, Michigan",Berrien County, Michigan,61809,7.1,3.4,12.2,10.6,16.6,15.4,10.1,14.2,5.8,4.7,50153
MI,"Calhoun County, Michigan",Calhoun County, Michigan,53827,5.7,4.6,10.6,13.5,16.3,16.5,12.4,12.9,3.7,3.8,49055
MI,"Clinton County, Michigan",Clinton County, Michigan,30070,5.4,1.5,6.3,9.4,12.4,18.4,11.9,17.4,9.8,7.6,69651
MI,"Eaton County, Michigan",Eaton County, Michigan,44420,2.6,2.8,6.8,8.7,13.9,22.2,14.7,17.7,6.3,4.2,65409
MI,"Genesee County, Michigan",Genesee County, Michigan,169247,8.6,4.9,9.8,10.9,15.3,19.1,12,11.6,4.2,3.4,50389
MI,"Grand Traverse County, Michigan",Grand Traverse County, Michigan,37408,2.9,1.4,9.7,9.4,14.1,19.6,16.9,14.2,5,6.9,65266
MI,"Ingham County, Michigan",Ingham County, Michigan,114534,7.3,4.6,10.4,10.6,13.7,18,11.6,13.8,5.2,4.8,54395
MI,"Isabella County, Michigan",Isabella County, Michigan,24690,11.5,6.2,12.1,11.9,12.4,17.3,11.7,9.7,4,3.1,45201
MI,"Jackson County, Michigan",Jackson County, Michigan,61403,7.1,5.4,8.9,10,14.6,16.7,16.6,12,5.2,3.5,55124
MI,"Kalamazoo County, Michigan",Kalamazoo County, Michigan,103196,7.9,3.8,7,11.1,13.8,18.4,14.6,11.3,6.4,5.8,56441
MI,"Kent County, Michigan",Kent County, Michigan,245437,4.3,3.4,8,8.1,13.1,19.3,14.6,17.1,6.1,6.1,66532
MI,"Lapeer County, Michigan",Lapeer County, Michigan,33902,5.4,3,7.9,5.9,14.8,19.2,16,15.9,7.8,4.1,66263
MI,"Lenawee County, Michigan",Lenawee County, Michigan,38499,6.5,2.7,8.4,12.8,16.2,20.4,11.9,13.6,3.8,3.8,53865
MI,"Livingston County, Michigan",Livingston County, Michigan,73502,1.9,1.7,6.1,6,9.8,17.3,14.4,21.9,10.3,10.4,86512
MI,"Macomb County, Michigan",Macomb County, Michigan,351666,4.4,3.4,7.9,9.8,12.2,19.4,14.4,17.3,6.5,4.5,64947
MI,"Marquette County, Michigan",Marquette County, Michigan,27981,4,4.2,9.2,8.8,17.4,23.2,14.6,12.4,2.9,3.2,55148
MI,"Midland County, Michigan",Midland County, Michigan,34350,5.4,3.9,6.7,7.4,13.3,17.5,15.8,14.9,7.8,7.3,69872
MI,"Monroe County, Michigan",Monroe County, Michigan,60875,5.1,3.6,9.5,9.9,10.7,19,13,18.2,6.2,4.6,62839
MI,"Muskegon County, Michigan",Muskegon County, Michigan,66148,5.5,5.3,11.8,11.8,15.2,19.7,14.1,11.1,2.9,2.7,50366
MI,"Oakland County, Michigan",Oakland County, Michigan,508464,3.8,3.2,6.3,7.1,9.7,15.9,13.8,17.9,9.7,12.7,81190
MI,"Ottawa County, Michigan",Ottawa County, Michigan,105004,3.2,1.9,8.1,6.7,13,20.6,14.9,17.8,8.2,5.5,68817
MI,"Saginaw County, Michigan",Saginaw County, Michigan,79050,6.9,4.5,11.7,12.8,16.1,18,10.9,11.6,4.3,3.3,48303
MI,"St. Clair County, Michigan",St. Clair County, Michigan,63806,4.9,4.5,7.8,11.7,12.8,18.2,13,16.7,6.5,4,59837
MI,"Shiawassee County, Michigan",Shiawassee County, Michigan,26830,4.8,4.9,9.3,9.8,15.1,18.9,15.6,14.3,5.5,1.7,55249
MI,"Van Buren County, Michigan",Van Buren County, Michigan,30974,4.9,3,9.5,13.2,12.6,18.4,18.7,13.1,4,2.7,60549
MI,"Washtenaw County, Michigan",Washtenaw County, Michigan,141680,5.7,3.9,5.6,7.3,9.2,17.4,13.2,16.7,8.6,12.4,76576
MI,"Wayne County, Michigan",Wayne County, Michigan,689270,10,5.1,10.3,10.5,13.3,18.2,10.9,12.2,4.9,4.6,50753
MN,"Anoka County, Minnesota",Anoka County, Minnesota,131858,2.3,1.9,5.4,5.5,10.2,17.8,17.1,21.8,10,8.1,83353
MN,"Blue Earth County, Minnesota",Blue Earth County, Minnesota,26461,7,3.5,8.6,6.9,14.8,18.2,16.7,16.3,5.2,2.8,61133
MN,"Carver County, Minnesota",Carver County, Minnesota,38860,2.2,2.2,4.2,5.1,8.1,13.5,13,21.5,12.4,17.9,101434
MN,"Crow Wing County, Minnesota",Crow Wing County, Minnesota,28012,5.7,3.6,9.2,9.5,12.4,22.7,14.2,14.7,4.3,3.8,60534
MN,"Dakota County, Minnesota",Dakota County, Minnesota,162895,3.5,1.9,4.7,6,10.3,15.7,13.6,22.4,10.6,11.5,88864
MN,"Hennepin County, Minnesota",Hennepin County, Minnesota,517091,4.4,3.6,5.5,6.5,9.8,15.4,14.4,17.4,10,13.1,82369
MN,"Olmsted County, Minnesota",Olmsted County, Minnesota,65635,2.3,2.5,5.7,7.5,11.6,17.7,12.5,19.6,9.7,10.8,80096
MN,"Ramsey County, Minnesota",Ramsey County, Minnesota,206124,5.4,3.5,6.9,7.6,13,17.7,12.9,18.2,7.6,7,68871
MN,"Rice County, Minnesota",Rice County, Minnesota,22861,4.2,4.7,6.1,6,12,17.5,18,17.9,6.7,6.8,72469
MN,"St. Louis County, Minnesota",St. Louis County, Minnesota,86448,6.9,4.8,9.5,7.4,12.5,20.3,12.7,17.2,4.6,4.1,60434
MN,"Scott County, Minnesota",Scott County, Minnesota,51474,1.2,2.1,2.8,5,9.7,13.4,11.2,23.3,13.9,17.4,108761
MN,"Sherburne County, Minnesota",Sherburne County, Minnesota,32686,2.4,1.6,4.5,4.4,7.7,18.2,13.3,28.8,8.9,10.1,96210
MN,"Stearns County, Minnesota",Stearns County, Minnesota,59776,3.6,4.1,7.4,9.7,11.5,20.6,15.5,15.6,7.7,4.2,66558
MN,"Washington County, Minnesota",Washington County, Minnesota,97059,3.1,1.8,4.4,4.4,7.5,14.5,13.9,23.3,12.5,14.6,100596
MN,"Wright County, Minnesota",Wright County, Minnesota,49443,2.9,2.6,3.5,3.8,9.9,17.1,14.8,25.9,12.5,7.1,91707
MS,"DeSoto County, Mississippi",DeSoto County, Mississippi,65220,2.5,2.8,8.3,8.6,13.1,20.2,16,16.6,7.8,4,66078
MS,"Forrest County, Mississippi",Forrest County, Mississippi,27340,9.5,8.7,11.4,15.7,15.9,19,6.5,7.5,2.9,3,39063
MS,"Harrison County, Mississippi",Harrison County, Mississippi,74628,8.4,4.6,13.4,11.1,12.4,18.9,10.7,13.7,3.8,3.1,50119
MS,"Hinds County, Mississippi",Hinds County, Mississippi,88471,9.1,5.7,13.7,9.9,15.5,20.5,9.8,9.6,3.5,2.8,44964
MS,"Jackson County, Mississippi",Jackson County, Mississippi,56323,3.7,4.6,10,13.5,15.1,16.9,14.1,13.3,4.5,4.1,52476
MS,"Jones County, Mississippi",Jones County, Mississippi,24178,10.5,5.5,19.6,10.5,11.8,19.4,6.4,10.1,3.2,2.9,37594
MS,"Lauderdale County, Mississippi",Lauderdale County, Mississippi,29367,12.2,7.9,15.9,12.2,11.3,15.7,9.4,10.8,1.5,3.1,37497
MS,"Lee County, Mississippi",Lee County, Mississippi,30378,6.2,5.3,11.4,11.2,16.2,16.9,12.6,10,4.3,5.9,49715
MS,"Madison County, Mississippi",Madison County, Mississippi,40046,3.9,1.5,9.5,9.4,14,15.2,11.9,15.7,10.9,8,68171
MS,"Rankin County, Mississippi",Rankin County, Mississippi,57011,3.3,3.2,9.1,8.3,10.3,22.4,14.6,17,6.7,5,67012
MO,"Boone County, Missouri",Boone County, Missouri,70721,8.4,3.6,9.6,8.7,13.7,16.7,14.1,13.5,5.1,6.6,57013
MO,"Buchanan County, Missouri",Buchanan County, Missouri,33984,7.7,5.8,15,11.2,12.1,18.7,11.8,12,2.5,3.1,46922
MO,"Cape Girardeau County, Missouri",Cape Girardeau County, Missouri,31335,4.9,6.3,10.1,10.4,12.3,19.7,15.1,13.5,3.6,4.3,57908
MO,"Cass County, Missouri",Cass County, Missouri,40544,1.5,5.6,8.8,5.4,11.3,18.2,16.3,19.5,7.6,5.7,72819
MO,"Christian County, Missouri",Christian County, Missouri,33227,4.4,6.4,8.1,10.1,11.8,18.3,15.2,15,5.7,5.1,62765
MO,"Clay County, Missouri",Clay County, Missouri,93066,3.2,2.2,7,8.2,14.6,18.6,14,20.3,7.5,4.5,70253
MO,"Cole County, Missouri",Cole County, Missouri,31437,7.3,4.1,7.8,6.4,12.6,23.1,14.6,17.6,2.8,3.6,61371
MO,"Franklin County, Missouri",Franklin County, Missouri,42161,3.4,4.2,6.7,10.3,16.2,18.4,18.8,14.5,4.5,3.1,60953
MO,"Greene County, Missouri",Greene County, Missouri,133900,9.2,3.9,14.2,12.4,15,18.8,10.5,10.3,3.3,2.4,43752
MO,"Jackson County, Missouri",Jackson County, Missouri,292571,7.3,3.9,10.2,8.8,13,18.7,12.8,15,5.7,4.5,57936
MO,"Jasper County, Missouri",Jasper County, Missouri,45019,7.9,7.4,11.1,13.3,14.6,21.3,9.9,9.1,3,2.5,45010
MO,"Jefferson County, Missouri",Jefferson County, Missouri,83841,3.4,2.2,8.2,9.7,12.4,19.1,17.3,16.9,7.5,3.3,69009
MO,"Platte County, Missouri",Platte County, Missouri,40332,2.1,2.6,4.7,9.1,13,14.8,13.1,20.6,10,9.9,81712
MO,"St. Charles County, Missouri",St. Charles County, Missouri,150668,2.1,1.7,4.6,4.8,11.1,16,16.1,23.2,9.8,10.6,89146
MO,"St. Francois County, Missouri",St. Francois County, Missouri,24021,6.6,7.3,12.3,11.9,18.1,18.1,12.9,8.8,2.2,1.9,42390
MO,"St. Louis County, Missouri",St. Louis County, Missouri,410842,5,2.8,7.7,7.8,11.9,17.7,12.6,16.1,7.8,10.6,70022
MO,"St. Louis city, Missouri",St. Louis city, Missouri,146779,11.7,7.8,9.5,10.3,12.9,18.8,10.7,9.7,4.7,3.9,47176
MT,"Cascade County, Montana",Cascade County, Montana,32816,6.7,6,12.5,8.2,15,20.2,14,11.8,2.7,2.8,51227
MT,"Flathead County, Montana",Flathead County, Montana,40681,3.2,4.5,6.1,9.8,17,20.7,14.9,13.8,7.2,2.8,62588
MT,"Gallatin County, Montana",Gallatin County, Montana,46990,4.1,3.6,7.1,8.2,9.4,17.2,15.8,20.9,6.7,7,75418
MT,"Lewis and Clark County, Montana",Lewis and Clark County, Montana,27405,3.8,4.4,12,7.5,13.1,14.8,14.4,17.9,6,6.3,67616
MT,"Missoula County, Montana",Missoula County, Montana,50853,4.7,5.6,9,7.5,16,20.3,13.7,12.4,5.7,5.2,57347
MT,"Yellowstone County, Montana",Yellowstone County, Montana,69989,4.1,3.4,12.4,7.5,12.8,19.9,11.8,14.5,7.2,6.3,61186
NE,"Douglas County, Nebraska",Douglas County, Nebraska,222819,5.3,3.3,7.7,8,11.9,19,14.4,16.8,6.8,6.9,67133
NE,"Lancaster County, Nebraska",Lancaster County, Nebraska,128385,5.1,3.4,7.8,9.6,13.7,20.8,12.4,14.5,6.1,6.5,61175
NE,"Sarpy County, Nebraska",Sarpy County, Nebraska,68947,2.3,2.8,5.8,4.9,9.9,16.3,17.7,22.8,9.4,8,83720
NV,"Clark County, Nevada",Clark County, Nevada,813607,6.6,3.8,7.7,8.3,13.2,19,13.6,15.3,6,6.5,62107
NV,"Washoe County, Nevada",Washoe County, Nevada,191091,4.2,3.7,8.2,6.8,11,17.7,14.8,18.8,7,7.8,71881
NH,"Cheshire County, New Hampshire",Cheshire County, New Hampshire,29698,4.9,2.7,7.1,7.8,15.6,18.2,16,18.7,3.6,5.4,66088
NH,"Grafton County, New Hampshire",Grafton County, New Hampshire,35780,6,5.8,7.7,9.1,13.9,17.4,11.3,15,4,9.9,60588
NH,"Hillsborough County, New Hampshire",Hillsborough County, New Hampshire,162588,3.4,3.1,5.1,6.7,10,16.4,12.6,21,10.8,10.9,83626
NH,"Merrimack County, New Hampshire",Merrimack County, New Hampshire,60017,3,4.6,6.5,7.6,11.4,16.1,16.1,18,9.2,7.4,76218
NH,"Rockingham County, New Hampshire",Rockingham County, New Hampshire,124212,3.2,1.4,5.6,4.5,9.8,16.1,13.5,19.5,12,14.5,91249
NH,"Strafford County, New Hampshire",Strafford County, New Hampshire,50584,4.1,2.9,6.3,7.8,9.6,20.8,12.9,19.4,9.4,6.8,71765
NJ,"Atlantic County, New Jersey",Atlantic County, New Jersey,101975,6.5,3.7,8.9,8.2,13,16.8,12,16.2,7.5,7.2,63389
NJ,"Bergen County, New Jersey",Bergen County, New Jersey,343733,3.4,1.9,4.5,4.6,8.1,12,11.4,19.5,12.7,21.8,108827
NJ,"Burlington County, New Jersey",Burlington County, New Jersey,170074,2.5,1.5,5.6,5.6,9.3,17,14.8,19.7,11.3,12.9,88797
NJ,"Camden County, New Jersey",Camden County, New Jersey,187780,6.2,3.4,7.5,7.6,9.8,16.5,11.8,18.6,8.4,10.1,73672
NJ,"Cape May County, New Jersey",Cape May County, New Jersey,40939,4.2,3.3,6.8,8.6,13.2,16.2,12.1,16.6,8.5,10.5,69980
NJ,"Cumberland County, New Jersey",Cumberland County, New Jersey,51360,7.5,4.9,9.4,9.2,10.6,21.9,10.8,16.8,4.5,4.3,54587
NJ,"Essex County, New Jersey",Essex County, New Jersey,295976,8.4,4.3,7.8,8.3,10.3,16.4,10.6,13.5,7.3,13,64626
NJ,"Gloucester County, New Jersey",Gloucester County, New Jersey,106705,3.8,2.6,6.5,7.1,8,14.7,14,19.8,11.7,11.8,89447
NJ,"Hudson County, New Jersey",Hudson County, New Jersey,266664,6.2,4.7,7.3,6.2,9.4,14.5,12.1,16.7,8.8,14.1,78808
NJ,"Hunterdon County, New Jersey",Hunterdon County, New Jersey,47901,1.8,1.4,3.5,6.2,5.7,13.3,10.8,19.7,13.3,24.2,116155
NJ,"Mercer County, New Jersey",Mercer County, New Jersey,130851,8.2,3.6,6,6.7,7.8,15.3,11.4,17.2,9,14.9,79492
NJ,"Middlesex County, New Jersey",Middlesex County, New Jersey,285906,4.2,2.4,5.5,5.2,9,13.7,12.8,19.9,12.1,15.2,93418
NJ,"Monmouth County, New Jersey",Monmouth County, New Jersey,240377,4.4,2.4,4.8,6.3,6.7,12.2,11.4,19.5,11.7,20.7,102870
NJ,"Morris County, New Jersey",Morris County, New Jersey,184885,2.5,1.6,4.7,4.4,7.1,12.3,10.6,18.8,12.9,25,116283
NJ,"Ocean County, New Jersey",Ocean County, New Jersey,226725,3.1,2.4,8,7.7,10.2,18,13.8,19.7,8.8,8.3,76093
NJ,"Passaic County, New Jersey",Passaic County, New Jersey,168059,4.9,4.1,7.2,7.6,8.9,15.9,13.2,18,9.7,10.5,77040
NJ,"Salem County, New Jersey",Salem County, New Jersey,24404,2.9,6.4,9.9,6.2,12.3,19.2,11,14.8,10,7.4,68531
NJ,"Somerset County, New Jersey",Somerset County, New Jersey,122606,2.6,1.8,3,4.2,7.1,13.4,12.7,17.5,12.5,25.1,111587
NJ,"Sussex County, New Jersey",Sussex County, New Jersey,54099,2.9,1.1,4.2,4.5,6.4,15.9,14.1,22.1,13.3,15.6,101130
NJ,"Union County, New Jersey",Union County, New Jersey,192848,4.1,2.6,6.8,6.6,10.7,16.9,12,15.8,9.5,14.9,80339
NJ,"Warren County, New Jersey",Warren County, New Jersey,42397,3.8,3.6,4.9,6.4,10.2,15.4,16.7,18.2,10.8,10,84479
NM,"Bernalillo County, New Mexico",Bernalillo County, New Mexico,271307,7.9,5.1,9.3,9.5,12.6,18.2,12.5,13.4,5.8,5.7,56115
NM,"Chaves County, New Mexico",Chaves County, New Mexico,24671,9.1,7.8,13.6,10.6,16.8,15.6,9.7,9.9,5.1,1.8,42003
NM,"Doña Ana County, New Mexico",Doña Ana County, New Mexico,79094,11.6,7,14.1,10.2,12.1,18.4,11,9.9,3.4,2.3,43038
NM,"Lea County, New Mexico",Lea County, New Mexico,24478,10.7,2.1,7.7,8.3,9.6,16.7,21.5,14.8,5.5,3.2,68457
NM,"McKinley County, New Mexico",McKinley County, New Mexico,21719,15.9,6.7,11.1,12,15.6,16.1,10.8,7.6,2.8,1.3,37153
NM,"Otero County, New Mexico",Otero County, New Mexico,24133,6.6,4.3,18,17.6,14.5,17.9,9.8,6.5,3.2,1.7,39371
NM,"Sandoval County, New Mexico",Sandoval County, New Mexico,53251,3.5,2.9,6,6.3,14.2,18.9,17.2,18.1,5.4,7.7,71997
NM,"San Juan County, New Mexico",San Juan County, New Mexico,42561,8.7,5,12.7,13.7,15.5,20.9,8.8,9.8,2.8,2.2,44321
NM,"Santa Fe County, New Mexico",Santa Fe County, New Mexico,62182,6.7,4,8,10.4,12.5,17.7,12.9,13.2,6.4,8.3,61298
NM,"Valencia County, New Mexico",Valencia County, New Mexico,24829,8,6.4,10.3,8.8,6.3,22.2,15,11.6,6.3,5.1,60601
NY,"Albany County, New York",Albany County, New York,128284,5.1,5.1,6.6,8.6,11,16.1,12.5,19.1,8.7,7.3,69953
NY,"Bronx County, New York",Bronx County, New York,513890,14.7,8.5,11.8,9.1,12.3,16.9,9.6,10,3.8,3.3,41432
NY,"Broome County, New York",Broome County, New York,79309,8.1,5.6,11.7,9.4,13.7,17.8,13.3,12.2,4.3,3.9,52010
NY,"Cattaraugus County, New York",Cattaraugus County, New York,33056,6.3,7.8,11.6,9.7,13.4,19.7,14.8,9.7,4,2.9,50912
NY,"Cayuga County, New York",Cayuga County, New York,31489,5.9,3.5,9.2,7.8,15.2,19.6,14.2,13.8,7.4,3.3,58665
NY,"Chautauqua County, New York",Chautauqua County, New York,55345,8.9,6.5,13.9,8.2,12.4,16.3,11.9,15.1,4.5,2.6,50272
NY,"Chemung County, New York",Chemung County, New York,33490,8.8,3.8,8,8.2,12.6,20.5,14.2,15.7,5.5,2.9,60782
NY,"Clinton County, New York",Clinton County, New York,31422,9.4,3.3,7.4,8.9,11.5,21.9,14.7,13.1,6.9,2.9,60198
NY,"Dutchess County, New York",Dutchess County, New York,110529,4.7,3.4,7.5,6.8,8.1,15.1,11.2,20.1,10.5,12.7,85901
NY,"Erie County, New York",Erie County, New York,398326,6.6,4.5,9.4,9.5,12,18.2,12.9,14.3,6.9,5.7,60652
NY,"Jefferson County, New York",Jefferson County, New York,41214,6.6,4.6,8.9,10.5,14.7,20.3,14.8,13.5,3.2,2.8,53917
NY,"Kings County, New York",Kings County, New York,978091,7.9,5.6,8.7,7.6,9.9,14.6,11.3,14.8,8.2,11.4,66937
NY,"Livingston County, New York",Livingston County, New York,23409,7.4,3.6,9.8,8.8,13,20.6,12.8,13.5,5.8,4.8,59173
NY,"Madison County, New York",Madison County, New York,25986,4.6,2.3,11.8,6.1,14.8,16.6,14.6,17.6,4.2,7.4,62918
NY,"Monroe County, New York",Monroe County, New York,305284,5.7,4.3,9.4,9.1,12.1,17.3,13.1,15.8,7,6.2,62103
NY,"Nassau County, New York",Nassau County, New York,449798,3,1.7,5.1,3.9,6.5,11.5,10.5,18.5,14.3,25,118453
NY,"New York County, New York",New York County, New York,768203,9.2,4.4,6.2,5.2,6.4,10.6,9.7,14,9.1,25.1,93651
NY,"Niagara County, New York",Niagara County, New York,90625,7.9,4.9,9.4,9.4,13.5,16.7,13.2,15.3,5.8,4,56304
NY,"Oneida County, New York",Oneida County, New York,90273,4.7,5.7,10.7,8.2,13.9,18.5,12.9,14.3,6.8,4.3,57391
NY,"Onondaga County, New York",Onondaga County, New York,183218,8.1,4.3,8.4,7.3,13.1,17.5,13.1,15.2,6.1,6.8,61577
NY,"Ontario County, New York",Ontario County, New York,46025,4.8,3.4,6.3,8.2,10.4,21.8,13.5,16,7.7,7.9,66568
NY,"Orange County, New York",Orange County, New York,131421,5,4,7.6,4.4,9.4,13.7,14,20.1,10.2,11.4,84458
NY,"Oswego County, New York",Oswego County, New York,46640,4.1,5.9,11.1,8.4,12.8,18.3,14.7,17,4.4,3.4,58459
NY,"Putnam County, New York",Putnam County, New York,34470,2.2,1.1,3.3,5.4,6.9,10.5,16.2,24.6,12.6,17.2,106204
NY,"Queens County, New York",Queens County, New York,784552,5.6,3.7,6.6,7.9,10.5,16.3,12.9,17.8,9.5,9.3,73696
NY,"Rensselaer County, New York",Rensselaer County, New York,65790,5.5,3.3,6.9,8.8,11.3,16.5,14.4,18.4,9.8,5.1,71574
NY,"Richmond County, New York",Richmond County, New York,166297,3.9,3.3,5.9,5.6,10.4,14.7,10.1,21,11.3,13.8,89821
NY,"Rockland County, New York",Rockland County, New York,101424,3.5,3,5.9,4.6,8.6,12.7,11,20.9,10.9,18.9,100916
NY,"St. Lawrence County, New York",St. Lawrence County, New York,42832,8.5,6.9,10.7,10.7,12,15.3,12.2,15.1,5.5,3.1,52108
NY,"Saratoga County, New York",Saratoga County, New York,93547,2,3.3,5.1,6.6,10.7,15.5,12.5,21,13.1,10.1,89932
NY,"Schenectady County, New York",Schenectady County, New York,62534,4.4,4.4,7.3,9.3,11.4,18.7,11.3,19.4,7.2,6.6,65773
NY,"Steuben County, New York",Steuben County, New York,39283,6.2,5.1,12.6,10.5,12.5,17.7,11.7,17,3.2,3.5,52951
NY,"Suffolk County, New York",Suffolk County, New York,499744,2.9,1.9,4.5,4.7,7.5,13.1,12,21.1,13.3,18.9,106228
NY,"Sullivan County, New York",Sullivan County, New York,28960,8.5,6,7.6,8.9,11.3,17.8,13.5,15.3,6.9,4.3,60137
NY,"Tompkins County, New York",Tompkins County, New York,40322,10.1,3.4,8.5,8.9,12.9,18,9.3,13.5,5.8,9.6,58626
NY,"Ulster County, New York",Ulster County, New York,69376,5.8,4.6,9.5,7.8,11.7,15.7,13,16.5,8.5,6.9,64087
NY,"Warren County, New York",Warren County, New York,29593,5.2,4.9,7.3,9.7,12.9,18.2,11.6,15.4,7.4,7.4,64985
NY,"Wayne County, New York",Wayne County, New York,36634,7.1,4.9,7.3,11.1,11.2,17.6,14.5,16.3,4.9,5.2,61730
NY,"Westchester County, New York",Westchester County, New York,355136,5.4,3.2,4.5,5.1,8.1,11.3,10.9,16.8,9.6,25,101908
NC,"Alamance County, North Carolina",Alamance County, North Carolina,64316,6.1,6.6,8.1,10.9,12,21.1,14.6,12,4.4,4.1,58490
NC,"Brunswick County, North Carolina",Brunswick County, North Carolina,58385,4.8,4.6,5.7,9.6,13.1,19.8,14.6,16.7,5.6,5.4,63668
NC,"Buncombe County, North Carolina",Buncombe County, North Carolina,106741,4,5.1,12.1,10.5,13.2,19.1,12.6,12.6,5.4,5.3,54970
NC,"Burke County, North Carolina",Burke County, North Carolina,36634,6.2,4.9,13.2,11.9,15.9,22.1,9.8,10.9,2.6,2.4,47361
NC,"Cabarrus County, North Carolina",Cabarrus County, North Carolina,68798,4.2,3.4,6.6,6.5,12.6,18.5,14.2,16.6,7.6,9.9,72333
NC,"Caldwell County, North Carolina",Caldwell County, North Carolina,32513,4.1,5.4,12.3,15.1,15.2,17.9,15.2,10.6,3.1,1.2,48737
NC,"Carteret County, North Carolina",Carteret County, North Carolina,28962,6.7,3.4,8.5,10.5,14.2,17.8,12.3,15.1,6.9,4.6,60186
NC,"Catawba County, North Carolina",Catawba County, North Carolina,62417,9.8,3.6,9.1,9.9,15.6,19.4,12.1,12.4,3.3,4.9,52436
NC,"Chatham County, North Carolina",Chatham County, North Carolina,30674,2.1,4.5,12.7,6.4,13.3,16.5,11.5,15.1,7.2,10.8,66857
NC,"Cleveland County, North Carolina",Cleveland County, North Carolina,30599,9.6,6.2,12.6,11,14.9,18.8,11.6,9.2,3.4,2.6,44987
NC,"Craven County, North Carolina",Craven County, North Carolina,42221,5,3.4,11.2,16.1,12.8,15,12.2,16,4,4.3,52832
NC,"Cumberland County, North Carolina",Cumberland County, North Carolina,128135,9,5.1,10.8,11.7,17.9,17.6,11.2,11.3,3.2,2.3,46292
NC,"Davidson County, North Carolina",Davidson County, North Carolina,69938,7.6,4.5,10.2,13.4,11.7,20.3,13.4,11.9,3.9,3.1,53473
NC,"Durham County, North Carolina",Durham County, North Carolina,131140,5.9,3.7,6.5,9.3,13.3,17.1,14.4,15,7.1,7.8,65317
NC,"Forsyth County, North Carolina",Forsyth County, North Carolina,148151,7.7,4.4,12,10.9,13.1,17.4,12.5,11.9,4.9,5.2,52017
NC,"Franklin County, North Carolina",Franklin County, North Carolina,26720,3.8,3.7,7.8,6.5,19.2,21.3,14.6,14.1,6.7,2.3,57099
NC,"Gaston County, North Carolina",Gaston County, North Carolina,85705,5.2,5.6,10.5,9.7,13.9,18.7,12.7,15.2,4.9,3.6,56595
NC,"Guilford County, North Carolina",Guilford County, North Carolina,206950,7.4,4.6,9.6,9.8,14.8,17,12.4,13.9,5.3,5.3,55328
NC,"Harnett County, North Carolina",Harnett County, North Carolina,46416,6.3,5.6,12.3,10.6,10.7,19.7,15.1,13.9,3.6,2.3,55753
NC,"Henderson County, North Carolina",Henderson County, North Carolina,51115,2.8,4.9,10.6,9.5,12.7,20.6,15.5,13.7,4.8,4.8,62131
NC,"Iredell County, North Carolina",Iredell County, North Carolina,68145,3.1,3.4,8.4,9.6,10.9,19,15.1,15.8,6.6,8.2,68660
NC,"Johnston County, North Carolina",Johnston County, North Carolina,73567,7.1,3.7,8.4,8,14.5,15.7,13,18.4,5.1,6.2,60951
NC,"Lincoln County, North Carolina",Lincoln County, North Carolina,34418,4.8,4.8,4.9,11.7,11.1,17.8,13.1,12.7,12.1,6.9,71514
NC,"Mecklenburg County, North Carolina",Mecklenburg County, North Carolina,426313,4.5,3.4,6.5,8.2,12.9,18.5,13.1,15.2,6.9,10.9,69072
NC,"Moore County, North Carolina",Moore County, North Carolina,41530,5.2,3.3,10.7,8.7,10.8,20.3,14.4,14.5,6.4,5.6,62469
NC,"Nash County, North Carolina",Nash County, North Carolina,37574,7.8,6,11.5,10.1,13.5,21.5,10.5,13.6,3.3,2.2,50656
NC,"New Hanover County, North Carolina",New Hanover County, North Carolina,100189,7.1,4.3,10.1,7.9,15.4,16.5,10.5,14.8,6.1,7.3,56382
NC,"Onslow County, North Carolina",Onslow County, North Carolina,63604,8.4,1.9,11.4,10.1,18.8,19.9,11.5,10.9,5.1,2,49544
NC,"Orange County, North Carolina",Orange County, North Carolina,55259,8.7,3.1,5.1,7.5,12.2,13.8,10.8,15,9.7,14,74299
NC,"Pitt County, North Carolina",Pitt County, North Carolina,70926,8.5,5.4,10.7,8.5,13,21.1,11.1,13.2,4,4.4,53401
NC,"Randolph County, North Carolina",Randolph County, North Carolina,56117,6.6,5.6,12.2,9.7,16.3,21.9,13.6,10,3.2,0.9,49742
NC,"Robeson County, North Carolina",Robeson County, North Carolina,46272,16.3,9.6,13.1,10.9,16.1,14.5,8.9,7.3,2.3,1,35035
NC,"Rockingham County, North Carolina",Rockingham County, North Carolina,38462,7.8,10.2,13.4,10.5,14.5,19.1,12,8.5,2.1,1.8,43230
NC,"Rowan County, North Carolina",Rowan County, North Carolina,55241,4.4,5.5,13.6,9.8,14.5,21.5,12.8,11.4,3.7,2.8,51927
NC,"Rutherford County, North Carolina",Rutherford County, North Carolina,27970,4.3,8,13.5,12.8,17.5,18.3,10.4,9.1,2.1,3.9,44361
NC,"Surry County, North Carolina",Surry County, North Carolina,28408,9.8,5.7,15.8,7.8,11.5,17.7,13.7,14,1.5,2.6,49250
NC,"Union County, North Carolina",Union County, North Carolina,77954,3.3,2.1,6,6.2,9.7,16.7,13.3,18.8,9.5,14.5,85985
NC,"Wake County, North Carolina",Wake County, North Carolina,419361,3.6,2.1,6,7.2,10.3,15.6,13.1,19.1,11.2,11.8,84215
NC,"Wayne County, North Carolina",Wayne County, North Carolina,48482,8.6,5.9,8.9,13.2,19.7,17.3,13.9,8.2,2.6,1.8,44596
NC,"Wilkes County, North Carolina",Wilkes County, North Carolina,28376,7.8,4.1,17.1,10.6,15.4,16.3,11.3,12.8,3.5,1.2,43290
NC,"Wilson County, North Carolina",Wilson County, North Carolina,32384,13.5,9.3,12.9,9.7,13.1,13.1,8.7,12.6,4.5,2.6,38830
ND,"Burleigh County, North Dakota",Burleigh County, North Dakota,38438,4,4.8,6.5,6.7,11.7,18.1,12.6,21.2,6.5,8,72494
ND,"Cass County, North Dakota",Cass County, North Dakota,78736,6.2,5,7.5,9.3,11.9,18.8,13.2,14.9,6.1,7.2,62218
ND,"Grand Forks County, North Dakota",Grand Forks County, North Dakota,31506,7.1,4.5,11.8,13.3,7.4,20.5,12.8,14.2,3.9,4.5,56622
ND,"Ward County, North Dakota",Ward County, North Dakota,28908,3.5,3.6,6.2,8.4,15,15.6,18.1,20.4,5,4.5,71415
OH,"Allen County, Ohio",Allen County, Ohio,40460,5.4,3.7,8.8,10.6,14.8,21.5,17.4,12.7,2.5,2.6,60429
OH,"Ashtabula County, Ohio",Ashtabula County, Ohio,39490,7.5,5.2,13.5,14.3,12.2,20.6,11.1,10,3.4,2.2,44580
OH,"Athens County, Ohio",Athens County, Ohio,22659,10.7,7.7,10.3,13.3,11.8,16.5,10,12.8,4.6,2.2,41851
OH,"Belmont County, Ohio",Belmont County, Ohio,25651,6.3,5.4,8.9,12,17.6,20.8,9,12.1,3.7,4.2,49780
OH,"Butler County, Ohio",Butler County, Ohio,140141,6.3,3.2,7.5,7.4,11.1,18,15,15.7,9,6.8,68584
OH,"Clark County, Ohio",Clark County, Ohio,54406,7.7,4.3,10.1,13,14.6,18.7,12.4,12.3,4.5,2.3,50128
OH,"Clermont County, Ohio",Clermont County, Ohio,80041,3.9,3.4,8.5,6.4,13.2,18.2,11.8,18.5,8.3,7.7,67744
OH,"Columbiana County, Ohio",Columbiana County, Ohio,40560,7.3,5.5,9.7,10.5,12.4,21.8,14.6,14.2,2.5,1.5,53542
OH,"Cuyahoga County, Ohio",Cuyahoga County, Ohio,549471,8.5,5.7,10.4,9.9,12.9,18.2,11.7,12.6,4.8,5.4,52423
OH,"Delaware County, Ohio",Delaware County, Ohio,73290,2.2,1.1,5.7,5.4,7.7,11.4,11.8,22.2,12.9,19.6,107854
OH,"Erie County, Ohio",Erie County, Ohio,30308,6.8,2.9,7.5,8.7,14.8,19.2,16.1,16.5,4.7,2.7,60653
OH,"Fairfield County, Ohio",Fairfield County, Ohio,59031,2.8,3,8,9.4,10.2,19.3,13.8,19.2,7.3,7,71469
OH,"Franklin County, Ohio",Franklin County, Ohio,522383,5.4,3.3,9,8.2,12.1,19.5,12.7,16,7.1,6.7,64713
OH,"Geauga County, Ohio",Geauga County, Ohio,35439,2.5,2.3,5.6,10.1,10.4,17.5,13.3,18.9,9.1,10.3,77391
OH,"Greene County, Ohio",Greene County, Ohio,66154,4.1,2.8,8.2,9.6,13.3,16.3,13.7,15.6,8.5,7.7,67394
OH,"Hamilton County, Ohio",Hamilton County, Ohio,347235,7.7,4.2,9.9,8.8,10.7,16.8,11.2,15.5,6.9,8.4,60198
OH,"Hancock County, Ohio",Hancock County, Ohio,32490,4.4,2.9,10.2,9.1,15.1,17.7,14.1,13.7,6.9,5.9,60944
OH,"Jefferson County, Ohio",Jefferson County, Ohio,27515,9.6,6,11,7.9,17.6,17.4,11.8,13.1,3.9,1.7,47445
OH,"Lake County, Ohio",Lake County, Ohio,96967,2.8,4,8.3,8.3,14,20.3,15.5,16.4,6.2,4.2,64076
OH,"Licking County, Ohio",Licking County, Ohio,66604,4.7,4.1,7.9,9.4,10.4,19.4,13.1,17.6,6.5,6.9,66013
OH,"Lorain County, Ohio",Lorain County, Ohio,120299,6.6,5.7,9.1,9.5,12.3,17.7,13.4,14.8,5.4,5.5,58686
OH,"Lucas County, Ohio",Lucas County, Ohio,182105,10.4,4.6,11,11.6,13,16.8,11.2,12.4,5.1,3.8,49448
OH,"Mahoning County, Ohio",Mahoning County, Ohio,100057,8.3,6.6,11.5,12.2,13.8,16.6,12.8,11.9,3.1,3.2,47170
OH,"Marion County, Ohio",Marion County, Ohio,25013,7,6.7,7.9,11.6,16.2,19.7,12.1,10.7,3.6,4.6,50608
OH,"Medina County, Ohio",Medina County, Ohio,70450,3.2,2,5.7,7.6,12.5,17.9,13.4,20.8,8.8,8,76468
OH,"Miami County, Ohio",Miami County, Ohio,41273,4,3.7,10.5,8.7,12.8,18.7,13.9,18.4,5,4.2,62451
OH,"Montgomery County, Ohio",Montgomery County, Ohio,224831,7.2,4,10.9,10.8,13.1,18.6,13.8,13.7,4.1,3.8,54537
OH,"Muskingum County, Ohio",Muskingum County, Ohio,33342,7.1,5,10.3,13.6,12.7,19.2,14.2,11.3,4.3,2.3,51844
OH,"Portage County, Ohio",Portage County, Ohio,61018,6.1,4,10,8.6,15.5,18.8,12.4,15.7,5,4,56679
OH,"Richland County, Ohio",Richland County, Ohio,49812,6.2,3.6,13.1,10,14.9,21.8,15.2,10.9,2.6,1.6,51783
OH,"Ross County, Ohio",Ross County, Ohio,28365,7.9,5.9,9.5,13.9,8.9,17.8,16.9,12.7,3.4,3.3,55717
OH,"Scioto County, Ohio",Scioto County, Ohio,29319,9.9,8.8,10.6,8.1,15.5,14.4,15.9,10.7,3.9,2.3,45571
OH,"Stark County, Ohio",Stark County, Ohio,154280,6.1,4.6,10.5,10.2,14.3,19.9,12.4,14.1,4.2,3.8,55499
OH,"Summit County, Ohio",Summit County, Ohio,224629,6.8,4.2,9.4,11,13.2,18.3,12.2,12.7,5.9,6.2,57364
OH,"Trumbull County, Ohio",Trumbull County, Ohio,84159,7.9,6.5,10.6,11.5,16.2,21.7,10.1,9.5,2.8,3.2,47087
OH,"Tuscarawas County, Ohio",Tuscarawas County, Ohio,36788,6,4.1,10.2,11.8,13.8,22.4,14.4,12.9,1.9,2.5,53616
OH,"Warren County, Ohio",Warren County, Ohio,84460,2.2,1.7,4.2,3.8,10.4,18.2,14.4,19,11.4,14.7,90837
OH,"Wayne County, Ohio",Wayne County, Ohio,44589,4.6,5.4,7.2,11.8,13.6,21.5,13.4,14.7,4.3,3.5,57458
OH,"Wood County, Ohio",Wood County, Ohio,51353,5.3,3.4,8.8,8.9,11.6,19.9,14.8,12.4,8.5,6.3,63791
OK,"Canadian County, Oklahoma",Canadian County, Oklahoma,46005,3.6,1.9,5.4,9.6,11.7,18.6,18.8,18.7,6.5,5.2,73635
OK,"Cleveland County, Oklahoma",Cleveland County, Oklahoma,108673,6.5,3.1,7.8,8.1,11.9,19.3,13.5,18.8,6.2,4.7,64290
OK,"Comanche County, Oklahoma",Comanche County, Oklahoma,41843,6.3,5.6,10.3,10.9,15.5,18.9,12.2,15.2,3.1,2,51300
OK,"Creek County, Oklahoma",Creek County, Oklahoma,26561,5.6,5.6,10,10.8,13.3,19.9,14.5,11.4,4.9,3.9,54969
OK,"Muskogee County, Oklahoma",Muskogee County, Oklahoma,26842,8.8,7.5,10.9,15.1,13.5,17.7,8.9,12,2.9,2.7,42450
OK,"Oklahoma County, Oklahoma",Oklahoma County, Oklahoma,305493,6.8,4.6,9.5,8.9,14,18.7,12.2,13,5.8,6.5,56235
OK,"Payne County, Oklahoma",Payne County, Oklahoma,31788,13.9,5,13.9,10.1,16.4,14.2,12,8.4,2.5,3.4,41272
OK,"Pottawatomie County, Oklahoma",Pottawatomie County, Oklahoma,25655,6.7,6.3,12.4,7.2,12.6,22.3,12.6,12.9,4.4,2.5,53511
OK,"Rogers County, Oklahoma",Rogers County, Oklahoma,35531,3.7,3.6,7.3,7.2,12.5,23,15,16.4,6.3,5.1,66132
OK,"Tulsa County, Oklahoma",Tulsa County, Oklahoma,255352,6.6,4,9.5,10.1,13.3,18.3,12.1,13.4,5.7,7,57483
OK,"Wagoner County, Oklahoma",Wagoner County, Oklahoma,29837,3.1,4,9,8.2,12.5,20.5,14.7,16.4,6.9,4.8,64319
OR,"Benton County, Oregon",Benton County, Oregon,37378,8.8,4.3,5.6,8.6,8.4,17.2,12.7,17.5,10.7,6.2,70835
OR,"Clackamas County, Oregon",Clackamas County, Oregon,161295,4.2,2.4,5.1,7,10.8,17.7,13.2,18.8,9.7,11.1,80294
OR,"Deschutes County, Oregon",Deschutes County, Oregon,76528,6.8,2.4,4.9,8.5,12.2,16.5,15.3,17.7,7.9,7.6,71643
OR,"Douglas County, Oregon",Douglas County, Oregon,46186,5.2,3.1,9.9,14.2,19.2,20,12.3,9.9,4,2.2,48585
OR,"Jackson County, Oregon",Jackson County, Oregon,87800,6.7,4.8,9.4,10.3,14.4,17.1,14.2,13.3,4.9,4.9,56450
OR,"Josephine County, Oregon",Josephine County, Oregon,35206,5,3.4,15.3,10.5,17.9,19.8,10.5,12,3.1,2.6,47573
OR,"Klamath County, Oregon",Klamath County, Oregon,29357,6.8,6.9,10.8,9.1,11.8,22.6,11.8,13,4.9,2.4,56348
OR,"Lane County, Oregon",Lane County, Oregon,155696,6.2,5.1,10.2,10,13.6,17.4,13.2,14.7,5.1,4.5,57325
OR,"Linn County, Oregon",Linn County, Oregon,49407,3.5,3.7,9.9,9.9,14.1,17.5,16.1,17.1,5.3,2.7,61488
OR,"Marion County, Oregon",Marion County, Oregon,121061,4.2,4.3,7.6,8.9,13.4,20.7,14.1,16,7.1,3.7,64306
OR,"Multnomah County, Oregon",Multnomah County, Oregon,337903,5.9,3.5,6.5,6.5,11.4,17.3,12.4,18,8.5,10,72900
OR,"Polk County, Oregon",Polk County, Oregon,31224,4.9,3.9,6.3,7.1,11.2,17,12.8,24.2,7.6,4.9,72914
OR,"Umatilla County, Oregon",Umatilla County, Oregon,27538,3.4,4.6,11.1,9.2,14.2,17.9,13.6,15.5,5.2,5.4,60425
OR,"Washington County, Oregon",Washington County, Oregon,222877,4.4,2.4,4.5,6.1,8.7,17.5,14.8,18.6,11.6,11.5,85734
OR,"Yamhill County, Oregon",Yamhill County, Oregon,36323,5.6,3.6,6.1,5.6,11.6,20.4,15.3,18.8,8.2,4.8,72904
PA,"Adams County, Pennsylvania",Adams County, Pennsylvania,38703,2.6,3.2,9.3,8.1,13.2,18,17.4,16.2,6.7,5.2,67715
PA,"Allegheny County, Pennsylvania",Allegheny County, Pennsylvania,553858,6.4,3.6,8.4,8.6,11.9,17.5,12.7,16.1,7,7.9,64871
PA,"Armstrong County, Pennsylvania",Armstrong County, Pennsylvania,29095,3.1,5.7,12.2,8.2,15.3,22.6,13.6,12.6,4.2,2.5,57636
PA,"Beaver County, Pennsylvania",Beaver County, Pennsylvania,70745,5.2,4.8,9.9,8.7,14.3,17.5,13.7,15.2,6.8,3.8,60672
PA,"Berks County, Pennsylvania",Berks County, Pennsylvania,154696,5,3.1,7.8,7.6,13.7,18.1,13.6,19.3,6.6,5.2,67708
PA,"Blair County, Pennsylvania",Blair County, Pennsylvania,52497,6.5,4.8,10,11.7,15.9,17.5,12.6,13.2,5.1,2.8,51004
PA,"Bucks County, Pennsylvania",Bucks County, Pennsylvania,240491,3,1.9,7,5.4,8.7,14.1,12.9,20.3,12,14.8,93767
PA,"Butler County, Pennsylvania",Butler County, Pennsylvania,77920,6.2,3.3,6.9,7.6,11,16.4,12.9,18.6,7.4,9.7,72262
PA,"Cambria County, Pennsylvania",Cambria County, Pennsylvania,56490,8,7.1,10.8,10.8,14,18.2,13.8,11.6,3.3,2.3,49076
PA,"Carbon County, Pennsylvania",Carbon County, Pennsylvania,27107,3.6,3.4,8,9.9,14,18.9,16,16.7,5.3,4.1,61111
PA,"Centre County, Pennsylvania",Centre County, Pennsylvania,58963,6.8,3.7,10.1,8.8,11,19.4,12.4,14.6,6.5,6.8,60706
PA,"Chester County, Pennsylvania",Chester County, Pennsylvania,193234,3.2,2,4.5,4.8,7.7,15.1,11.8,17.9,12,21,102016
PA,"Clearfield County, Pennsylvania",Clearfield County, Pennsylvania,31990,5.5,6.2,11.1,12.4,18.6,19.7,13,10.8,2,0.7,45643
PA,"Columbia County, Pennsylvania",Columbia County, Pennsylvania,26219,8.3,5.6,7.1,10.6,14.7,18.2,13.4,13.6,5.3,3.1,54570
PA,"Crawford County, Pennsylvania",Crawford County, Pennsylvania,35387,5,5.7,11.3,11.1,17.5,17,16.2,9.8,4.4,1.9,49428
PA,"Cumberland County, Pennsylvania",Cumberland County, Pennsylvania,101823,3.2,2.8,6.2,8.7,10.6,18,16.2,18.6,7.4,8.3,75391
PA,"Dauphin County, Pennsylvania",Dauphin County, Pennsylvania,113905,6.6,2.8,9.4,9.8,12.5,19.7,14.1,15,5,5.2,60733
PA,"Delaware County, Pennsylvania",Delaware County, Pennsylvania,209502,5.2,2.9,6.7,8.8,10.3,14.7,12.4,17.2,9,12.8,77339
PA,"Erie County, Pennsylvania",Erie County, Pennsylvania,110128,8.1,4.7,11.8,9.8,13.6,18.6,12.8,13.6,3.5,3.5,51818
PA,"Fayette County, Pennsylvania",Fayette County, Pennsylvania,54955,7.6,7.5,10.9,11.5,14.2,16,12.4,13.9,3.3,2.7,48509
PA,"Franklin County, Pennsylvania",Franklin County, Pennsylvania,60260,2.9,2.8,8.2,10.6,15.3,18,18.7,15.9,4.4,3.3,62484
PA,"Indiana County, Pennsylvania",Indiana County, Pennsylvania,30704,6.1,5.6,10.8,10.4,14.9,16.3,11.8,16.8,5.4,1.9,51914
PA,"Lackawanna County, Pennsylvania",Lackawanna County, Pennsylvania,88154,5.6,5.8,11.2,9.5,14.1,17.4,14.5,13,4.1,4.7,53826
PA,"Lancaster County, Pennsylvania",Lancaster County, Pennsylvania,204701,4.7,3.3,7.4,7.1,13,19.9,16,16.5,5.7,6.5,67376
PA,"Lawrence County, Pennsylvania",Lawrence County, Pennsylvania,37282,7.3,5.5,9.5,13.4,13.8,17.3,14.2,11.5,4.3,3.3,50547
PA,"Lebanon County, Pennsylvania",Lebanon County, Pennsylvania,53861,4,3.5,8.9,11.6,11,21.1,14.6,14.7,7.1,3.5,61204
PA,"Lehigh County, Pennsylvania",Lehigh County, Pennsylvania,137847,4.6,3.8,8.6,8.1,13.5,17.4,13.3,17,7.2,6.4,65667
PA,"Luzerne County, Pennsylvania",Luzerne County, Pennsylvania,130890,7,5.2,9.9,11,13.9,19.7,13.2,12.3,4.6,3.2,53972
PA,"Lycoming County, Pennsylvania",Lycoming County, Pennsylvania,44842,5.6,4.8,12.1,12,11,19,14.3,13.8,3.8,3.5,53881
PA,"Mercer County, Pennsylvania",Mercer County, Pennsylvania,46427,5.3,5.8,10.2,10.8,13.4,19.3,14,14.8,4.2,2.1,54543
PA,"Monroe County, Pennsylvania",Monroe County, Pennsylvania,56274,5.6,3.5,6.3,10.4,13.3,17.3,13.7,17,8.1,4.8,62413
PA,"Montgomery County, Pennsylvania",Montgomery County, Pennsylvania,321373,3,2,5.5,6.2,8.2,14.6,13.9,18.9,11.5,16.1,92302
PA,"Northampton County, Pennsylvania",Northampton County, Pennsylvania,114950,4.1,2.4,6.4,9.1,10.2,18.2,14.8,19.9,7.2,7.7,74328
PA,"Northumberland County, Pennsylvania",Northumberland County, Pennsylvania,38592,5.6,5.6,9.8,15.5,15.9,19.3,11.2,12.1,3.4,1.6,47349
PA,"Philadelphia County, Pennsylvania",Philadelphia County, Pennsylvania,619505,12.2,6.6,9.7,9.9,13.3,16.3,10.8,10.5,5.1,5.7,47474
PA,"Schuylkill County, Pennsylvania",Schuylkill County, Pennsylvania,58242,5,6.1,10.5,9.2,12.9,20.6,15.3,14,4,2.4,56295
PA,"Somerset County, Pennsylvania",Somerset County, Pennsylvania,29456,5.9,4.3,13.4,10.8,17.3,17.4,13.1,13.1,2.8,1.9,48895
PA,"Washington County, Pennsylvania",Washington County, Pennsylvania,86716,5.1,5.5,7,8.6,12.6,16.8,12.9,15.8,7.9,7.7,65431
PA,"Westmoreland County, Pennsylvania",Westmoreland County, Pennsylvania,155147,7.2,3.9,9.1,9.3,13.7,17.9,14,14.1,5.9,5,59073
PA,"York County, Pennsylvania",York County, Pennsylvania,175441,4.3,3.1,8,7.4,12.3,19.4,14.2,19,6.9,5.4,69172
RI,"Kent County, Rhode Island",Kent County, Rhode Island,70166,4.1,2.7,7.8,6.5,9.6,19.9,15.4,19.7,7.7,6.6,74474
RI,"Newport County, Rhode Island",Newport County, Rhode Island,33690,5.9,1.7,5.5,7.4,9.8,15.1,13.6,18,10.5,12.5,81652
RI,"Providence County, Rhode Island",Providence County, Rhode Island,237518,6.7,5.8,8.7,8,12,16.7,14.2,15.9,6.7,5.4,62994
RI,"Washington County, Rhode Island",Washington County, Rhode Island,48051,3.2,3.1,4.3,8.8,8.4,14.6,11,22.4,11.9,12.4,90003
SC,"Aiken County, South Carolina",Aiken County, South Carolina,67889,6.5,6.2,11.8,7,14.4,18.4,13.9,12.8,5.3,3.6,55634
SC,"Anderson County, South Carolina",Anderson County, South Carolina,75825,5.5,5.1,11.5,10.3,13.4,18.9,13,13.4,3.4,5.6,54322
SC,"Beaufort County, South Carolina",Beaufort County, South Carolina,73043,3.8,2.4,4.9,10.2,12.9,16.6,13.8,15,8.2,12.1,74127
SC,"Berkeley County, South Carolina",Berkeley County, South Carolina,80640,5.7,2.8,6,8,12.2,19.4,14.8,20.8,5.7,4.7,69398
SC,"Charleston County, South Carolina",Charleston County, South Carolina,165568,6.7,2.6,7.9,6.1,11.2,17.3,12.3,16,8.4,11.4,71531
SC,"Darlington County, South Carolina",Darlington County, South Carolina,24801,7.3,7.4,17.6,10.1,11.6,13.3,11.6,13.7,4.4,3,44606
SC,"Dorchester County, South Carolina",Dorchester County, South Carolina,57768,3.2,3.6,6,9.6,14.8,16.9,15.3,17.9,8.1,4.5,68200
SC,"Florence County, South Carolina",Florence County, South Carolina,53047,10.1,5,9.2,10,15.6,17.8,12,12.9,3.8,3.5,50082
SC,"Greenville County, South Carolina",Greenville County, South Carolina,199551,5.4,3.2,7.3,9.6,14,17.6,13.1,15.4,6.7,7.7,64412
SC,"Greenwood County, South Carolina",Greenwood County, South Carolina,28544,10.6,5,14.5,12,15.5,18.2,10.1,8.6,2.9,2.7,42148
SC,"Horry County, South Carolina",Horry County, South Carolina,140260,4.6,3.9,8.9,11.3,16.8,22.1,12.7,11.9,4.2,3.6,53694
SC,"Kershaw County, South Carolina",Kershaw County, South Carolina,24544,10,4.9,10.5,8.4,13.5,14.1,12.3,17.1,5.5,3.8,55198
SC,"Lancaster County, South Carolina",Lancaster County, South Carolina,35410,6,6.9,9.3,5,10.6,22,13.2,13.5,6.7,6.8,63924
SC,"Laurens County, South Carolina",Laurens County, South Carolina,25901,10.6,5.1,13.8,8.7,13.5,20.9,10.9,9.1,4.5,3,47218
SC,"Lexington County, South Carolina",Lexington County, South Carolina,118193,4.9,4.1,9.6,8.5,13.7,16.8,14.1,15,6.9,6.4,61631
SC,"Oconee County, South Carolina",Oconee County, South Carolina,31530,10.6,3.1,7.1,11.8,18.2,14.8,14.2,11.1,5.3,3.7,48204
SC,"Orangeburg County, South Carolina",Orangeburg County, South Carolina,32129,15.3,9.1,10.2,12.5,15.9,14.4,9.5,9.8,2.4,0.9,37701
SC,"Pickens County, South Carolina",Pickens County, South Carolina,48203,6.7,5.6,11.6,10.2,14.1,19.8,13.3,13,3.2,2.7,52190
SC,"Richland County, South Carolina",Richland County, South Carolina,153484,9.7,3.5,9.9,9.3,14.7,16.4,12,12.7,6.6,5,52293
SC,"Spartanburg County, South Carolina",Spartanburg County, South Carolina,121256,5.8,5.1,9.9,10,13.1,21.7,13.3,12.7,4.4,4,55339
SC,"Sumter County, South Carolina",Sumter County, South Carolina,44105,9.7,4.6,12.3,6.8,15.2,21.8,13.1,11.1,3.6,1.8,51025
SC,"York County, South Carolina",York County, South Carolina,108400,3.6,2.8,6.9,9.1,14.2,17.6,12.5,16.8,9.2,7.4,66949
SD,"Minnehaha County, South Dakota",Minnehaha County, South Dakota,81046,4,3.2,7.6,9.9,13.1,21.4,13.4,14.9,7.2,5.4,61968
SD,"Pennington County, South Dakota",Pennington County, South Dakota,44676,3.9,6,12.6,9.4,10.1,18.9,13.2,16.2,4.7,4.8,58085
TN,"Anderson County, Tennessee",Anderson County, Tennessee,30175,7.6,5.6,10.6,10.4,16.7,17.8,13,11.1,4,3.3,49044
TN,"Blount County, Tennessee",Blount County, Tennessee,50813,5.5,4.3,10.2,8.5,13.7,18.3,14.8,16.2,4.3,4.1,59276
TN,"Bradley County, Tennessee",Bradley County, Tennessee,39992,6.4,9.4,7,9.5,15.4,16.1,14.9,15.5,2.4,3.5,52468
TN,"Davidson County, Tennessee",Davidson County, Tennessee,289427,5,3.4,7.3,8.5,13.9,18.7,14,15,6,8.2,63938
TN,"Greene County, Tennessee",Greene County, Tennessee,28323,7.5,5.2,14.4,12.9,15.1,17.7,13.6,8.6,3,1.9,44722
TN,"Hamilton County, Tennessee",Hamilton County, Tennessee,148157,5.2,4.7,9.8,9.2,14.1,18,12.5,14.4,6,6.1,57502
TN,"Knox County, Tennessee",Knox County, Tennessee,191925,7.1,3.7,10.1,9.2,12.4,17.3,13.6,14.6,5.3,6.7,60283
TN,"Madison County, Tennessee",Madison County, Tennessee,38930,8.3,5.5,12.4,9.1,14.9,21.8,9.7,13.5,2.8,2.1,49820
TN,"Maury County, Tennessee",Maury County, Tennessee,37104,3.8,4.9,6.3,9.4,11.9,20.1,17.1,15.6,7.1,3.7,66781
TN,"Montgomery County, Tennessee",Montgomery County, Tennessee,76974,5,4.1,6.2,10.8,18.3,19.7,12.6,15.1,5.4,2.7,56948
TN,"Putnam County, Tennessee",Putnam County, Tennessee,31778,6.1,6.5,15.8,8.7,13.8,20.8,13.7,6.1,5.6,2.8,49282
TN,"Robertson County, Tennessee",Robertson County, Tennessee,26577,4.2,3.4,8.4,8.7,12.1,20.8,13.3,15.9,10,3.1,66939
TN,"Rutherford County, Tennessee",Rutherford County, Tennessee,113797,3,2.8,6.8,9,13.1,20.8,14,18.4,7.7,4.3,69397
TN,"Sevier County, Tennessee",Sevier County, Tennessee,37933,6.2,3.6,12.6,10.1,12.4,20,15,12.6,3.7,3.8,57741
TN,"Shelby County, Tennessee",Shelby County, Tennessee,353950,8.1,6.1,9.8,10.3,13.2,17,11.2,12.7,4.5,7,52614
TN,"Sullivan County, Tennessee",Sullivan County, Tennessee,68560,7,4.8,10.9,9.6,16.1,20,11.7,13.4,3.6,2.9,51860
TN,"Sumner County, Tennessee",Sumner County, Tennessee,70098,2.6,2.4,5.5,8.1,15.3,20.6,14.9,17.8,6.5,6.5,68743
TN,"Washington County, Tennessee",Washington County, Tennessee,55817,9.9,6.2,8.8,12,12.2,17.6,10,13.5,4.8,5,51428
TN,"Williamson County, Tennessee",Williamson County, Tennessee,84393,2.2,1.3,4.5,4.2,7.5,11.6,11.6,20.1,13.6,23.5,115507
TN,"Wilson County, Tennessee",Wilson County, Tennessee,51618,2.8,2.3,5.9,6.7,12,17,13.4,23.5,8.1,8.4,80071
TX,"Angelina County, Texas",Angelina County, Texas,32293,6.1,4.1,11.2,9.9,15.3,24,12.6,10.7,3.1,2.9,53320
TX,"Bastrop County, Texas",Bastrop County, Texas,26393,6.3,5.2,12.3,6.1,12.1,18.3,16.4,13.5,5.9,3.8,57938
TX,"Bell County, Texas",Bell County, Texas,126772,7.1,4.8,9.8,9.9,13.5,19.8,13,12.5,5.1,4.5,54560
TX,"Bexar County, Texas",Bexar County, Texas,646352,6.6,3.9,9.1,9.5,13.1,19.7,12.8,14.1,6,5.3,58964
TX,"Bowie County, Texas",Bowie County, Texas,34935,9.2,4.6,10.9,10.7,12.6,21.8,10.8,12.2,2.6,4.6,51802
TX,"Brazoria County, Texas",Brazoria County, Texas,129261,2.3,2.5,6.4,6.4,9.4,17.3,14.8,20.7,11.3,8.9,84904
TX,"Brazos County, Texas",Brazos County, Texas,79971,11.5,4,9.9,8.3,12.6,16.8,14,11.9,4.4,6.5,55121
TX,"Cameron County, Texas",Cameron County, Texas,129307,9.3,8.2,13.9,13.1,12.7,15.8,10.7,11.2,2.6,2.7,41123
TX,"Collin County, Texas",Collin County, Texas,363599,3.2,1.5,4.1,5.2,10.1,14.1,13.5,20.8,12.6,14.9,96134
TX,"Comal County, Texas",Comal County, Texas,57004,4,2.3,4.2,7,9.4,14.5,15,18.9,12.9,11.7,89315
TX,"Coryell County, Texas",Coryell County, Texas,22093,7.8,3.6,5.7,13.7,14.5,23.9,12.7,9.9,6,2.3,53504
TX,"Dallas County, Texas",Dallas County, Texas,940587,6.2,3.2,7.7,8.7,14.3,19.3,12.4,14.5,5.6,8.1,61796
TX,"Denton County, Texas",Denton County, Texas,305164,2.9,1.8,4.4,5.3,8.6,17.5,13.9,20.1,11.2,14.4,90523
TX,"Ector County, Texas",Ector County, Texas,53155,4,3.8,9.4,7.7,12.4,17,13,18.7,8,5.9,67205
TX,"Ellis County, Texas",Ellis County, Texas,61465,4.2,2.6,5.5,9.1,8.6,17.3,15.3,20.9,8.5,8,78797
TX,"El Paso County, Texas",El Paso County, Texas,269150,9.2,5.5,10.5,11.5,14.2,20.7,10.7,11.9,3.4,2.4,48903
TX,"Fort Bend County, Texas",Fort Bend County, Texas,253030,2.7,1.9,4.2,6.2,8.6,13.7,11.9,20.7,13,17.2,101293
TX,"Galveston County, Texas",Galveston County, Texas,127092,5.3,2.2,8.7,7.5,9.6,16.7,11.2,20.1,8.6,10.1,74977
TX,"Grayson County, Texas",Grayson County, Texas,49024,5.2,5.4,10.2,10.9,11.6,20.2,12.9,14.3,4.5,4.9,57476
TX,"Gregg County, Texas",Gregg County, Texas,45711,5,4.7,12.6,10.3,12.2,18.4,14.4,10.6,7.5,4.3,53793
TX,"Guadalupe County, Texas",Guadalupe County, Texas,56051,3.1,1.8,5.6,6.7,12,16.7,16,22.5,10.1,5.5,79768
TX,"Harris County, Texas",Harris County, Texas,1647384,6.1,3.4,8.8,9.2,12.7,18.1,12,14.1,6.8,8.9,61618
TX,"Harrison County, Texas",Harrison County, Texas,24197,12.3,3.1,10.2,8.3,10.8,13.7,17.6,13.7,5.8,4.6,58817
TX,"Hays County, Texas",Hays County, Texas,77749,4.7,4,6.4,5.8,12.6,18.4,14.4,15.3,9.4,9,72058
TX,"Henderson County, Texas",Henderson County, Texas,30607,9.6,4.3,12.9,10,11.8,20.9,13.3,9.9,2.8,4.6,51521
TX,"Hidalgo County, Texas",Hidalgo County, Texas,247544,11,7,14,11.3,14.2,16.3,9.7,10.7,3,2.8,41800
TX,"Hunt County, Texas",Hunt County, Texas,35093,7,3.5,10.9,9.4,10.5,22.6,13.8,12.9,5.2,4.2,58063
TX,"Jefferson County, Texas",Jefferson County, Texas,89273,9,4,10.8,8.2,14.1,18.6,12.3,11.7,5.3,6.1,55797
TX,"Johnson County, Texas",Johnson County, Texas,59113,4.8,3.1,7.6,7.7,12.4,19.5,16.4,16.8,7.5,4.1,66319
TX,"Kaufman County, Texas",Kaufman County, Texas,39835,3.5,3.8,4.4,8,11.9,17.9,14.8,20.5,9.2,6,75775
TX,"Liberty County, Texas",Liberty County, Texas,27367,9.8,5,13.2,10.1,11.8,15.5,13,10,6.7,4.9,50049
TX,"Lubbock County, Texas",Lubbock County, Texas,117494,6.7,5.5,9.7,10,13.4,19,11.2,14.8,5.2,4.6,55003
TX,"McLennan County, Texas",McLennan County, Texas,93021,8.8,6.4,9.5,9.1,15.4,16.3,11.5,13.6,4.1,5.3,50845
TX,"Midland County, Texas",Midland County, Texas,59325,5.7,2.3,9.3,4.2,8.6,15.5,11,20.4,9.8,13.2,82558
TX,"Montgomery County, Texas",Montgomery County, Texas,209528,3,1.8,6.6,6.9,10.2,14.2,11.7,18.4,12,15.4,88695
TX,"Nacogdoches County, Texas",Nacogdoches County, Texas,24722,7.9,7.2,15.2,9.1,15,18.5,9.4,11.9,3.8,2,47572
TX,"Nueces County, Texas",Nueces County, Texas,131194,6.2,6.9,10.1,9.4,11.6,16,13.4,16.7,5.6,4.1,56789
TX,"Orange County, Texas",Orange County, Texas,31913,5,5.8,8.8,6.8,9.7,16.5,11.3,20,10.1,6,69052
TX,"Parker County, Texas",Parker County, Texas,43520,3.8,4.5,8.2,4.8,7.5,14.8,15.7,22.2,10.3,8.1,83262
TX,"Potter County, Texas",Potter County, Texas,44180,10.3,6,15.8,15.2,13.6,16,6.6,12.1,2.5,1.9,37297
TX,"Randall County, Texas",Randall County, Texas,50261,3.9,2.6,8.9,8.5,11.9,17.3,14.8,19.1,6.7,6.2,70651
TX,"Rockwall County, Texas",Rockwall County, Texas,36665,1.3,0.2,4,1.6,6.5,20.3,14.1,19.4,16.5,15.9,103378
TX,"San Patricio County, Texas",San Patricio County, Texas,21872,7.3,6.2,9.7,9.3,12.4,13.8,12.4,17.1,6.1,5.9,57899
TX,"Smith County, Texas",Smith County, Texas,78600,5.4,3.1,11.2,8.3,13.8,19.7,13.4,15.3,5.1,4.7,59584
TX,"Tarrant County, Texas",Tarrant County, Texas,727094,4.4,3.2,6.7,8.3,12.2,18.8,13.7,16.4,7.8,8.5,70139
TX,"Taylor County, Texas",Taylor County, Texas,50282,7.2,5,8.7,10.2,13.8,20.2,13.8,13.6,4.1,3.4,55351
TX,"Tom Green County, Texas",Tom Green County, Texas,43604,5.1,5.7,9.5,11.9,11.6,18.3,11.7,16.9,5.3,4,55988
TX,"Travis County, Texas",Travis County, Texas,507751,5.4,2.2,5.8,6.2,10.7,16.1,13.2,17.5,9.8,13.1,80726
TX,"Victoria County, Texas",Victoria County, Texas,30058,4.3,6.9,11.1,9.4,11.7,17.5,15.1,12.2,7.2,4.6,57358
TX,"Walker County, Texas",Walker County, Texas,22201,9.7,4.2,13.3,7.5,16.5,18.7,15,9.6,2.8,2.8,47170
TX,"Webb County, Texas",Webb County, Texas,76326,6.8,5.9,12.4,9.2,11.2,17.4,14.6,14.7,3.1,4.6,56084
TX,"Wichita County, Texas",Wichita County, Texas,48315,8.4,4.7,11.2,7.4,15.9,19.9,13.1,13.5,3,2.9,51749
TX,"Williamson County, Texas",Williamson County, Texas,193008,2.4,1.4,4.1,4.6,10.6,17.9,13.7,22,12.6,10.7,92179
TX,"Wise County, Texas",Wise County, Texas,22882,3.5,3.1,3.2,10.1,8.3,22.8,13.3,18,9.1,8.5,71421
UT,"Cache County, Utah",Cache County, Utah,40206,5.3,4.5,6.6,9.8,13.3,20.8,15.4,15.5,4.8,4,62507
UT,"Davis County, Utah",Davis County, Utah,109358,1.9,1.7,4.4,5,9.2,19.4,17.6,22.8,9.9,8.1,87427
UT,"Salt Lake County, Utah",Salt Lake County, Utah,384692,3.9,2.6,5.4,6.1,10,18.6,15.7,19.5,9.7,8.4,80119
UT,"Tooele County, Utah",Tooele County, Utah,21292,2.8,2.6,3.3,6.8,8.7,23,16.8,26,6.2,3.8,80973
UT,"Utah County, Utah",Utah County, Utah,178152,2.8,2.1,6.3,7.2,10.4,18.3,15.3,21.4,8.6,7.7,79545
UT,"Washington County, Utah",Washington County, Utah,63144,1.9,4.6,8.4,10.6,11.4,21.1,15.1,14.6,6,6.4,63595
UT,"Weber County, Utah",Weber County, Utah,87863,3.1,2.9,5.4,8.4,11.4,20.7,18.4,18.1,5.9,5.6,72206
VT,"Chittenden County, Vermont",Chittenden County, Vermont,68516,6.2,3.5,4.6,7.1,9.8,17.3,13.6,18.7,9.1,10.3,76806
VA,"Albemarle County, Virginia",Albemarle County, Virginia,43754,3.1,2.9,5.7,5.3,9.3,16.5,14.6,16.3,11.9,14.4,86399
VA,"Arlington County, Virginia",Arlington County, Virginia,111887,4.3,2.1,3.7,3.2,5,13.4,10.6,18.8,14.8,24,119755
VA,"Augusta County, Virginia",Augusta County, Virginia,29951,3,3,7.3,7.3,18.6,20,16.1,17.2,5.3,2.2,62668
VA,"Bedford County, Virginia",Bedford County, Virginia,31390,5,2.8,6.9,10.1,12.9,16.4,16.5,16.2,6.6,6.7,69125
VA,"Chesterfield County, Virginia",Chesterfield County, Virginia,128920,2.3,2.4,5.2,8.3,9.5,18.6,13,22.6,9,9.2,81297
VA,"Fairfax County, Virginia",Fairfax County, Virginia,400186,2.8,1.1,2.8,3.5,6.6,10.6,11.1,19.4,15.2,26.8,128374
VA,"Fauquier County, Virginia",Fauquier County, Virginia,24270,2,3.3,3.9,3.1,6.7,15,13.3,23.7,13,16.1,104809
VA,"Frederick County, Virginia",Frederick County, Virginia,32010,3.2,2.2,4.9,7.5,8.1,16.7,17.3,24.6,10.8,4.8,86229
VA,"Hanover County, Virginia",Hanover County, Virginia,39521,2.3,1.2,5,7.4,9.1,16.6,14.1,22.1,12.9,9.3,89812
VA,"Henrico County, Virginia",Henrico County, Virginia,130591,4.4,2.7,8.3,7,13.7,18.3,11.3,15.3,8,11,68024
VA,"James City County, Virginia",James City County, Virginia,30262,3,0.9,6.1,5.2,7.1,14.1,18.1,24.7,11.1,9.9,91674
VA,"Loudoun County, Virginia",Loudoun County, Virginia,133750,1.7,0.6,2.3,3.3,4.1,8.3,10.7,17.9,16.9,34.2,151800
VA,"Montgomery County, Virginia",Montgomery County, Virginia,36244,13.1,3.3,5.9,9,11.8,21.2,11.2,10.9,7.1,6.5,60045
VA,"Prince William County, Virginia",Prince William County, Virginia,143508,2.5,1.1,3.8,4.9,6.7,12.9,13.8,23.8,12.9,17.6,106861
VA,"Roanoke County, Virginia",Roanoke County, Virginia,37506,3.5,4.3,6.5,7,9.8,21.1,13,19.2,7.4,8.2,71715
VA,"Rockingham County, Virginia",Rockingham County, Virginia,30462,2.1,1.7,6.5,9.7,17.2,18.7,17.5,14.7,6.4,5.6,69423
VA,"Spotsylvania County, Virginia",Spotsylvania County, Virginia,46427,3.5,2.6,5.3,6.1,10.5,13.3,13.1,24.1,11.1,10.4,91073
VA,"Stafford County, Virginia",Stafford County, Virginia,48092,3,0.7,2.3,3.5,8.1,14,14.4,19.4,19.1,15.5,110446
VA,"York County, Virginia",York County, Virginia,26008,3.5,3.4,5.3,3.4,6.9,15.9,16.2,23.2,8.4,13.8,91241
VA,"Alexandria city, Virginia",Alexandria city, Virginia,71005,1.6,1.9,3.4,5.5,6,15.2,13.7,18.4,10.9,23.5,103284
VA,"Chesapeake city, Virginia",Chesapeake city, Virginia,86878,2.4,4.1,7.4,7,9.9,18.1,12.9,21.2,10,7.1,77847
VA,"Hampton city, Virginia",Hampton city, Virginia,55633,4.9,5.3,8.9,8.5,17,18.8,15.1,12.1,5.1,4.6,56930
VA,"Lynchburg city, Virginia",Lynchburg city, Virginia,28950,8.1,3.2,7.2,11.4,14.8,20.9,15.8,10.8,4.2,3.6,54850
VA,"Newport News city, Virginia",Newport News city, Virginia,70918,8.4,4.5,9.6,8.6,15.3,20.7,13.1,12.4,4.2,3.2,53029
VA,"Norfolk city, Virginia",Norfolk city, Virginia,88387,9.2,4.7,9.1,11.3,12.3,20,13,11.6,5.2,3.5,53093
VA,"Portsmouth city, Virginia",Portsmouth city, Virginia,36089,8.7,5.5,10.5,7,16.9,19,15.2,12,2,3.1,51195
VA,"Richmond city, Virginia",Richmond city, Virginia,89878,10.8,6.6,10.2,8.9,12.5,17.7,10,10.6,5.6,7.1,51285
VA,"Roanoke city, Virginia",Roanoke city, Virginia,40810,8.5,10.4,12.5,10,12.7,18.7,9.4,10.1,3.2,4.5,45838
VA,"Suffolk city, Virginia",Suffolk city, Virginia,34597,4.5,2.4,7.2,6.4,10.2,15,17.5,21.4,7,8.4,80481
VA,"Virginia Beach city, Virginia",Virginia Beach city, Virginia,175029,3.1,1.2,5.1,7.7,10.8,19.1,16.6,19.5,9,7.9,79054
WA,"Benton County, Washington",Benton County, Washington,73678,2.3,3.2,8.9,6.6,12.7,18.2,11.9,19.7,8,8.3,72084
WA,"Chelan County, Washington",Chelan County, Washington,28974,4.7,3.1,10.2,9.7,12.8,21.5,12.6,12.8,7.9,4.8,59161
WA,"Clallam County, Washington",Clallam County, Washington,33022,8.1,3,10.6,7.5,14.5,17.4,17.4,14.3,5.1,2,57126
WA,"Clark County, Washington",Clark County, Washington,180862,3.1,2.4,6,6.4,11.2,17.3,15.6,21,8.6,8.4,80555
WA,"Cowlitz County, Washington",Cowlitz County, Washington,42790,5.7,3.9,9.4,11.3,14.5,19.4,14.3,11.6,5.6,4.4,55497
WA,"Franklin County, Washington",Franklin County, Washington,28162,6.1,1.8,8.1,10.6,10.2,22.1,10.9,16.9,9,4.3,61951
WA,"Grant County, Washington",Grant County, Washington,30866,3.8,3.6,8.7,13.1,14.7,20.5,15.4,12.1,3.5,4.6,56997
WA,"Grays Harbor County, Washington",Grays Harbor County, Washington,29920,5.6,4,9,9,13.1,20.9,15.5,14.1,5.3,3.8,61026
WA,"Island County, Washington",Island County, Washington,35586,5.3,1.1,4.5,6.2,14.8,20.2,16.5,18.1,7.3,6,72066
WA,"King County, Washington",King County, Washington,907761,4.1,2.3,4.6,4.9,7.9,13.4,11,19.3,11.6,21,102594
WA,"Kitsap County, Washington",Kitsap County, Washington,107525,3.7,2.3,5.6,4.7,10.3,20.6,15.4,20.6,8.2,8.5,79624
WA,"Lewis County, Washington",Lewis County, Washington,31879,5.3,4,12,7.8,12.7,20.4,14.2,15,6.5,2.1,58911
WA,"Mason County, Washington",Mason County, Washington,24820,5.2,1.5,6.7,9.1,13.2,22,9.1,21,8,4.2,63983
WA,"Pierce County, Washington",Pierce County, Washington,333657,3.5,3,5.4,5.8,11.4,17.9,15,21.3,8.9,7.7,79243
WA,"Skagit County, Washington",Skagit County, Washington,49043,2.9,4.5,7.5,7.2,13.9,19.4,14.9,17.7,6.8,5.1,67175
WA,"Snohomish County, Washington",Snohomish County, Washington,299827,3.1,2.8,5.1,5.4,8.3,16.5,14.9,20.2,12,11.7,89260
WA,"Spokane County, Washington",Spokane County, Washington,211723,5.8,4.3,8.3,8.9,14.1,20,12.7,13.5,7.3,5.1,59974
WA,"Thurston County, Washington",Thurston County, Washington,112909,4.5,3.1,7.1,6.2,10.3,16.8,16.5,20,7.9,7.5,78512
WA,"Whatcom County, Washington",Whatcom County, Washington,88794,4.7,3.4,8.2,8.6,9.3,20,15.9,17.2,6.9,5.9,69372
WA,"Yakima County, Washington",Yakima County, Washington,83992,5.5,3.1,11.2,10.9,14.4,18.9,15.4,12.8,4.3,3.7,56233
WV,"Berkeley County, West Virginia",Berkeley County, West Virginia,46395,5.6,2.6,5.9,11.2,12.4,22.7,13.4,17.2,4.9,4,62370
WV,"Cabell County, West Virginia",Cabell County, West Virginia,38040,12.4,5.8,12.3,13.2,14.8,15.5,9.6,9.4,3.9,3.1,40788
WV,"Harrison County, West Virginia",Harrison County, West Virginia,25905,3.8,5.3,11.2,11,13.7,14.1,11.6,19.9,6.3,3.1,54314
WV,"Kanawha County, West Virginia",Kanawha County, West Virginia,78384,11.4,5,10.5,9.6,15.5,17.6,10.9,11.7,4,3.9,47759
WV,"Monongalia County, West Virginia",Monongalia County, West Virginia,40401,8.1,7.3,9.7,8.3,11.7,15.5,9.4,16.9,4.5,8.7,55940
WV,"Raleigh County, West Virginia",Raleigh County, West Virginia,31331,8.3,6.4,16.1,10.6,11.3,14,17.9,11,1.3,3.1,46540
WV,"Wood County, West Virginia",Wood County, West Virginia,34182,10.3,6.5,8.8,12.6,13.3,18.7,12.8,10.4,3.8,2.8,47944
WI,"Brown County, Wisconsin",Brown County, Wisconsin,107385,5.1,4.1,7.3,8.1,14.8,18.3,11.8,18.1,7.8,4.6,64458
WI,"Dane County, Wisconsin",Dane County, Wisconsin,229760,3.5,3.3,6.1,7.4,10.7,17.4,14.3,20.1,8.1,9,77504
WI,"Dodge County, Wisconsin",Dodge County, Wisconsin,35104,4.1,2.4,7.8,10.2,13.2,22.4,13.4,18.6,5.6,2.3,61300
WI,"Eau Claire County, Wisconsin",Eau Claire County, Wisconsin,41385,3.7,4.6,6.3,10.3,11.6,21.2,14.5,18.3,5.6,4,65662
WI,"Fond du Lac County, Wisconsin",Fond du Lac County, Wisconsin,42604,2.7,3.3,8.4,7.7,13.8,20.6,14.9,19.4,6.1,3.1,65329
WI,"Jefferson County, Wisconsin",Jefferson County, Wisconsin,32783,2.4,2.8,6,11,11.5,17.8,15,20.4,7.7,5.3,71708
WI,"Kenosha County, Wisconsin",Kenosha County, Wisconsin,64187,3.6,3.7,8.9,9.3,11.7,20.2,13.1,18.3,6.6,4.5,65997
WI,"La Crosse County, Wisconsin",La Crosse County, Wisconsin,48175,3.5,5.1,8.9,9.1,14.6,22.8,13,14.5,4.6,4,58921
WI,"Manitowoc County, Wisconsin",Manitowoc County, Wisconsin,33831,2.7,5.6,10.1,6.7,17.4,19.1,16.1,14.3,4.8,3.3,60785
WI,"Marathon County, Wisconsin",Marathon County, Wisconsin,54765,3.4,3.5,8.1,10,13.1,18.9,16.4,17.1,4.7,4.8,65851
WI,"Milwaukee County, Wisconsin",Milwaukee County, Wisconsin,383665,7.4,4.9,11.3,9.2,14.3,17.8,12,14,4.8,4.1,53418
WI,"Outagamie County, Wisconsin",Outagamie County, Wisconsin,74974,2.5,3.2,8.8,8.7,12.9,21.7,14.7,17.3,5.7,4.5,66234
WI,"Ozaukee County, Wisconsin",Ozaukee County, Wisconsin,35795,2.5,1.9,4,6.7,10.3,15.8,17.7,19.3,9,12.7,88154
WI,"Portage County, Wisconsin",Portage County, Wisconsin,29063,6.1,4.2,7.7,11,15.4,17.5,13,15.5,4.3,5.2,56358
WI,"Racine County, Wisconsin",Racine County, Wisconsin,78905,5,5.3,9.2,8.2,14.2,15.5,13.7,17.4,6.5,4.9,60779
WI,"Rock County, Wisconsin",Rock County, Wisconsin,65316,5.2,5.1,6.6,9.7,14.8,20.2,15.4,15.6,4.8,2.6,61243
WI,"St. Croix County, Wisconsin",St. Croix County, Wisconsin,34731,3.2,3.5,4.7,4.6,9.6,16.5,17.2,23.8,9.9,7,85594
WI,"Sheboygan County, Wisconsin",Sheboygan County, Wisconsin,48691,3.1,3.1,7.3,9.3,16.1,23.4,15.7,13.5,4.7,3.8,60706
WI,"Walworth County, Wisconsin",Walworth County, Wisconsin,42799,4.5,3.1,9.4,9.5,11.1,19.8,14.5,15.3,7.3,5.5,63549
WI,"Washington County, Wisconsin",Washington County, Wisconsin,55256,2.8,1.7,4.5,6.7,14,17.5,16,21.7,9.6,5.6,80513
WI,"Waukesha County, Wisconsin",Waukesha County, Wisconsin,160635,2.6,2,6,5.2,8.8,15.8,14.2,21.3,12.1,11.9,90548
WI,"Winnebago County, Wisconsin",Winnebago County, Wisconsin,71238,3.5,4.1,9.9,9.4,14.9,19.6,14.4,15.1,4.4,4.5,58347
WI,"Wood County, Wisconsin",Wood County, Wisconsin,32684,4,6.6,8.2,11.9,12.8,23.8,13.3,12.1,3.5,3.9,56278
WY,"Laramie County, Wyoming",Laramie County, Wyoming,41739,5.6,5,7.2,6.2,9.6,21,16.3,13.4,9.5,6.3,70567
WY,"Natrona County, Wyoming",Natrona County, Wyoming,33044,4.6,2.8,9.2,10.2,10.2,20.5,16.2,15.4,5.8,4.9,65034
 Puerto Rico,"Arecibo Municipio, Puerto Rico",Arecibo Municipio, Puerto Rico,32090,28.6,11,20.3,16.5,11.9,8.9,1.3,0.1,0.6,0.8,18977
 Puerto Rico,"Bayamón Municipio, Puerto Rico",Bayamón Municipio, Puerto Rico,68980,19,9.6,17.9,14.4,14.3,15.4,5.2,3,0.8,0.5,27386
 Puerto Rico,"Caguas Municipio, Puerto Rico",Caguas Municipio, Puerto Rico,47669,22.9,13.3,14.4,13.7,12.1,11.8,4.9,4.4,1.4,1.1,24507
 Puerto Rico,"Carolina Municipio, Puerto Rico",Carolina Municipio, Puerto Rico,58602,20.4,7.8,16.6,14.3,15.8,14.2,5,4.1,0.4,1.6,27658
 Puerto Rico,"Guaynabo Municipio, Puerto Rico",Guaynabo Municipio, Puerto Rico,33125,14.1,6.5,14.9,10.7,13.6,12.2,11.1,6.7,4.7,5.5,37499
 Puerto Rico,"Mayagüez Municipio, Puerto Rico",Mayagüez Municipio, Puerto Rico,28649,38.2,12.8,19.7,8.2,6.7,7.8,2.4,1.9,0.7,1.6,14525
 Puerto Rico,"Ponce Municipio, Puerto Rico",Ponce Municipio, Puerto Rico,52837,36.3,13.5,16,9.9,9.9,6.7,2.9,2.8,1.2,1,15130
 Puerto Rico,"San Juan Municipio, Puerto Rico",San Juan Municipio, Puerto Rico,138800,29.1,8.8,14.8,10.2,11.6,9.9,5.8,5.1,1.7,3.1,23005
 Puerto Rico,"Toa Alta Municipio, Puerto Rico",Toa Alta Municipio, Puerto Rico,22650,20.1,8.2,16.8,12.8,16.3,13.5,6.7,4.4,0.8,0.3,28440
 Puerto Rico,"Toa Baja Municipio, Puerto Rico",Toa Baja Municipio, Puerto Rico,28291,22.3,10.1,19.9,13.8,12.3,12.9,6.2,2.1,0.3,0.2,23368
 Puerto Rico,"Trujillo Alto Municipio, Puerto Rico",Trujillo Alto Municipio, Puerto Rico,23263,16.3,9.5,16.1,10.2,14.4,15.6,6.6,7.5,1.1,2.6,32244
